frame,processing_ms,deadline_ms,deadline_missed
0,14.710884,10.000000,1
1,14.764254,10.000000,1
2,14.322567,10.000000,1
3,15.643186,10.000000,1
4,15.505241,10.000000,1
5,14.710866,10.000000,1
6,14.600494,10.000000,1
7,14.660013,10.000000,1
8,14.501790,10.000000,1
9,14.749865,10.000000,1
10,14.786662,10.000000,1
11,14.323881,10.000000,1
12,14.397975,10.000000,1
13,14.609402,10.000000,1
14,14.373827,10.000000,1
15,15.127127,10.000000,1
16,14.608587,10.000000,1
17,14.738643,10.000000,1
18,14.530827,10.000000,1
19,14.524568,10.000000,1
20,14.417567,10.000000,1
21,14.760236,10.000000,1
22,14.553994,10.000000,1
23,14.871514,10.000000,1
24,14.305067,10.000000,1
25,14.828459,10.000000,1
26,14.247233,10.000000,1
27,14.587291,10.000000,1
28,14.830551,10.000000,1
29,14.621643,10.000000,1
30,14.414882,10.000000,1
31,14.584623,10.000000,1
32,14.928848,10.000000,1
33,14.501809,10.000000,1
34,14.413808,10.000000,1
35,14.660883,10.000000,1
36,14.458179,10.000000,1
37,14.198196,10.000000,1
38,14.727569,10.000000,1
39,14.619310,10.000000,1
40,14.602476,10.000000,1
41,14.552050,10.000000,1
42,14.696235,10.000000,1
43,14.650477,10.000000,1
44,14.577864,10.000000,1
45,14.664031,10.000000,1
46,14.779496,10.000000,1
47,14.463271,10.000000,1
48,14.453790,10.000000,1
49,14.698995,10.000000,1
50,14.783532,10.000000,1
51,14.323900,10.000000,1
52,15.301610,10.000000,1
53,14.729940,10.000000,1
54,15.021145,10.000000,1
55,14.177732,10.000000,1
56,15.035756,10.000000,1
57,15.666612,10.000000,1
58,15.117924,10.000000,1
59,14.448401,10.000000,1
60,14.664902,10.000000,1
61,14.725902,10.000000,1
62,15.399685,10.000000,1
63,14.996923,10.000000,1
64,15.095849,10.000000,1
65,14.526031,10.000000,1
66,15.028145,10.000000,1
67,14.705644,10.000000,1
68,14.511383,10.000000,1
69,14.332900,10.000000,1
70,14.776995,10.000000,1
71,15.872632,10.000000,1
72,15.280499,10.000000,1
73,14.563050,10.000000,1
74,14.775162,10.000000,1
75,14.739477,10.000000,1
76,14.769699,10.000000,1
77,14.572569,10.000000,1
78,14.769180,10.000000,1
79,14.685346,10.000000,1
80,14.589235,10.000000,1
81,14.353085,10.000000,1
82,14.626809,10.000000,1
83,14.737903,10.000000,1
84,14.584031,10.000000,1
85,14.534383,10.000000,1
86,14.588809,10.000000,1
87,14.768069,10.000000,1
88,14.234362,10.000000,1
89,14.446049,10.000000,1
90,14.321326,10.000000,1
91,14.516142,10.000000,1
92,14.880459,10.000000,1
93,14.562291,10.000000,1
94,14.267418,10.000000,1
95,14.855495,10.000000,1
96,14.600864,10.000000,1
97,14.855829,10.000000,1
98,14.583883,10.000000,1
99,14.396308,10.000000,1
100,14.669420,10.000000,1
101,14.469827,10.000000,1
102,14.428808,10.000000,1
103,14.572143,10.000000,1
104,14.591791,10.000000,1
105,14.857570,10.000000,1
106,14.801292,10.000000,1
107,14.489698,10.000000,1
108,14.628495,10.000000,1
109,14.385938,10.000000,1
110,14.451456,10.000000,1
111,14.607198,10.000000,1
112,14.654457,10.000000,1
113,15.071479,10.000000,1
114,14.413049,10.000000,1
115,14.667384,10.000000,1
116,14.442587,10.000000,1
117,14.799495,10.000000,1
118,14.475883,10.000000,1
119,14.525698,10.000000,1
120,15.529315,10.000000,1
121,14.671994,10.000000,1
122,15.058738,10.000000,1
123,14.422419,10.000000,1
124,15.024293,10.000000,1
125,16.220189,10.000000,1
126,15.307388,10.000000,1
127,14.526346,10.000000,1
128,14.655495,10.000000,1
129,14.352160,10.000000,1
130,15.646926,10.000000,1
131,15.701075,10.000000,1
132,14.265326,10.000000,1
133,14.556402,10.000000,1
134,15.043886,10.000000,1
135,14.596253,10.000000,1
136,14.611346,10.000000,1
137,14.405604,10.000000,1
138,14.513253,10.000000,1
139,15.844946,10.000000,1
140,14.768421,10.000000,1
141,15.188238,10.000000,1
142,14.088584,10.000000,1
143,14.567068,10.000000,1
144,14.630327,10.000000,1
145,14.613179,10.000000,1
146,14.694180,10.000000,1
147,14.703125,10.000000,1
148,14.800792,10.000000,1
149,14.668587,10.000000,1
150,14.720458,10.000000,1
151,14.739106,10.000000,1
152,14.516679,10.000000,1
153,14.431049,10.000000,1
154,14.470272,10.000000,1
155,14.625884,10.000000,1
156,14.387919,10.000000,1
157,14.456401,10.000000,1
158,14.611143,10.000000,1
159,14.648309,10.000000,1
160,14.618291,10.000000,1
161,14.342363,10.000000,1
162,14.722884,10.000000,1
163,14.433975,10.000000,1
164,14.665588,10.000000,1
165,14.595532,10.000000,1
166,14.569717,10.000000,1
167,14.613031,10.000000,1
168,14.509882,10.000000,1
169,14.652661,10.000000,1
170,14.500105,10.000000,1
171,14.335382,10.000000,1
172,14.413678,10.000000,1
173,14.206177,10.000000,1
174,14.770329,10.000000,1
175,14.574809,10.000000,1
176,14.455197,10.000000,1
177,14.736736,10.000000,1
178,14.956904,10.000000,1
179,14.627032,10.000000,1
180,14.411752,10.000000,1
181,14.542920,10.000000,1
182,14.425883,10.000000,1
183,14.353159,10.000000,1
184,14.466679,10.000000,1
185,14.624143,10.000000,1
186,14.702180,10.000000,1
187,14.623864,10.000000,1
188,15.155683,10.000000,1
189,14.335011,10.000000,1
190,14.822532,10.000000,1
191,14.563346,10.000000,1
192,14.720181,10.000000,1
193,16.414302,10.000000,1
194,15.222369,10.000000,1
195,14.625273,10.000000,1
196,14.717496,10.000000,1
197,14.505994,10.000000,1
198,14.650605,10.000000,1
199,16.222597,10.000000,1
200,14.780403,10.000000,1
201,14.772700,10.000000,1
202,15.179294,10.000000,1
203,14.692032,10.000000,1
204,14.641550,10.000000,1
205,14.616828,10.000000,1
206,14.407141,10.000000,1
207,15.675019,10.000000,1
208,14.631309,10.000000,1
209,15.457592,10.000000,1
210,14.464401,10.000000,1
211,14.448160,10.000000,1
212,14.840199,10.000000,1
213,14.481549,10.000000,1
214,14.655346,10.000000,1
215,14.598976,10.000000,1
216,14.583013,10.000000,1
217,14.350123,10.000000,1
218,14.584643,10.000000,1
219,14.539198,10.000000,1
220,14.608902,10.000000,1
221,14.312623,10.000000,1
222,14.422141,10.000000,1
223,14.162103,10.000000,1
224,14.687218,10.000000,1
225,14.076473,10.000000,1
226,14.873422,10.000000,1
227,14.565142,10.000000,1
228,14.759681,10.000000,1
229,14.417530,10.000000,1
230,15.062960,10.000000,1
231,14.899662,10.000000,1
232,14.701347,10.000000,1
233,14.683680,10.000000,1
234,14.711550,10.000000,1
235,14.667161,10.000000,1
236,14.701013,10.000000,1
237,14.588513,10.000000,1
238,14.602013,10.000000,1
239,14.512846,10.000000,1
240,14.719643,10.000000,1
241,14.602550,10.000000,1
242,14.644235,10.000000,1
243,14.656162,10.000000,1
244,14.610143,10.000000,1
245,15.171220,10.000000,1
246,14.909200,10.000000,1
247,14.665568,10.000000,1
248,14.493661,10.000000,1
249,14.726440,10.000000,1
250,14.550439,10.000000,1
251,14.798292,10.000000,1
252,14.309641,10.000000,1
253,14.444790,10.000000,1
254,14.880996,10.000000,1
255,14.353733,10.000000,1
256,15.105942,10.000000,1
257,14.663772,10.000000,1
258,14.959200,10.000000,1
259,14.408474,10.000000,1
260,14.480790,10.000000,1
261,16.129336,10.000000,1
262,15.102812,10.000000,1
263,14.648865,10.000000,1
264,14.379993,10.000000,1
265,14.536291,10.000000,1
266,14.874089,10.000000,1
267,15.957336,10.000000,1
268,14.763865,10.000000,1
269,14.632347,10.000000,1
270,14.704032,10.000000,1
271,14.424012,10.000000,1
272,14.855014,10.000000,1
273,14.468438,10.000000,1
274,14.384511,10.000000,1
275,15.702704,10.000000,1
276,14.797607,10.000000,1
277,14.903237,10.000000,1
278,14.849848,10.000000,1
279,14.569235,10.000000,1
280,14.470919,10.000000,1
281,14.409789,10.000000,1
282,14.694329,10.000000,1
283,14.458235,10.000000,1
284,14.710884,10.000000,1
285,14.602291,10.000000,1
286,14.387882,10.000000,1
287,14.543068,10.000000,1
288,14.577309,10.000000,1
289,14.570254,10.000000,1
290,14.399697,10.000000,1
291,14.608199,10.000000,1
292,14.646494,10.000000,1
293,14.319419,10.000000,1
294,14.309641,10.000000,1
295,14.756199,10.000000,1
296,14.754587,10.000000,1
297,14.582790,10.000000,1
298,14.471660,10.000000,1
299,14.577976,10.000000,1
300,14.610235,10.000000,1
301,14.485771,10.000000,1
302,14.586309,10.000000,1
303,14.491734,10.000000,1
304,14.749069,10.000000,1
305,14.684236,10.000000,1
306,14.541234,10.000000,1
307,14.576735,10.000000,1
308,14.509734,10.000000,1
309,14.624069,10.000000,1
310,14.546142,10.000000,1
311,14.298733,10.000000,1
312,14.526883,10.000000,1
313,14.478864,10.000000,1
314,14.750644,10.000000,1
315,14.863126,10.000000,1
316,15.314351,10.000000,1
317,14.392586,10.000000,1
318,14.512549,10.000000,1
319,16.423654,10.000000,1
320,15.115460,10.000000,1
321,14.800218,10.000000,1
322,14.815069,10.000000,1
323,14.703532,10.000000,1
324,16.487542,10.000000,1
325,15.032256,10.000000,1
326,15.222201,10.000000,1
327,15.039257,10.000000,1
328,14.776902,10.000000,1
329,14.780903,10.000000,1
330,14.323845,10.000000,1
331,14.619994,10.000000,1
332,14.227362,10.000000,1
333,14.682161,10.000000,1
334,15.230591,10.000000,1
335,16.506728,10.000000,1
336,14.831348,10.000000,1
337,14.424308,10.000000,1
338,14.795977,10.000000,1
339,14.676514,10.000000,1
340,14.838588,10.000000,1
341,14.640235,10.000000,1
342,14.855977,10.000000,1
343,15.534685,10.000000,1
344,14.941256,10.000000,1
345,15.049256,10.000000,1
346,14.792180,10.000000,1
347,14.678143,10.000000,1
348,14.939904,10.000000,1
349,14.637346,10.000000,1
350,14.517494,10.000000,1
351,14.228992,10.000000,1
352,14.656383,10.000000,1
353,14.500938,10.000000,1
354,14.436068,10.000000,1
355,14.222863,10.000000,1
356,14.697754,10.000000,1
357,14.586420,10.000000,1
358,14.550068,10.000000,1
359,14.819922,10.000000,1
360,14.619161,10.000000,1
361,14.507068,10.000000,1
362,14.808940,10.000000,1
363,14.560716,10.000000,1
364,14.290770,10.000000,1
365,14.962996,10.000000,1
366,14.628050,10.000000,1
367,14.564401,10.000000,1
368,14.711755,10.000000,1
369,14.497271,10.000000,1
370,14.550957,10.000000,1
371,14.711273,10.000000,1
372,14.635179,10.000000,1
373,14.600605,10.000000,1
374,14.448161,10.000000,1
375,14.515068,10.000000,1
376,14.555901,10.000000,1
377,14.643217,10.000000,1
378,14.975923,10.000000,1
379,14.692625,10.000000,1
380,14.576438,10.000000,1
381,14.597532,10.000000,1
382,14.246289,10.000000,1
383,14.365160,10.000000,1
384,14.955200,10.000000,1
385,14.458660,10.000000,1
386,14.669662,10.000000,1
387,14.804088,10.000000,1
388,14.384641,10.000000,1
389,14.553050,10.000000,1
390,14.837681,10.000000,1
391,14.351160,10.000000,1
392,15.317128,10.000000,1
393,14.700013,10.000000,1
394,14.837107,10.000000,1
395,14.778514,10.000000,1
396,14.877051,10.000000,1
397,15.815501,10.000000,1
398,14.409382,10.000000,1
399,15.226850,10.000000,1
400,14.685477,10.000000,1
401,14.388289,10.000000,1
402,15.954928,10.000000,1
403,15.338888,10.000000,1
404,15.511593,10.000000,1
405,14.654143,10.000000,1
406,15.002849,10.000000,1
407,14.882218,10.000000,1
408,14.776865,10.000000,1
409,14.336326,10.000000,1
410,14.781199,10.000000,1
411,15.600185,10.000000,1
412,14.881885,10.000000,1
413,14.795866,10.000000,1
414,14.472735,10.000000,1
415,14.773902,10.000000,1
416,14.352567,10.000000,1
417,14.372197,10.000000,1
418,14.586735,10.000000,1
419,14.381845,10.000000,1
420,14.562198,10.000000,1
421,14.336103,10.000000,1
422,14.522105,10.000000,1
423,14.259085,10.000000,1
424,14.683440,10.000000,1
425,14.406308,10.000000,1
426,14.714013,10.000000,1
427,14.310530,10.000000,1
428,14.708699,10.000000,1
429,14.706514,10.000000,1
430,14.398845,10.000000,1
431,14.509198,10.000000,1
432,14.455697,10.000000,1
433,14.564790,10.000000,1
434,14.764551,10.000000,1
435,14.251400,10.000000,1
436,14.220159,10.000000,1
437,14.791440,10.000000,1
438,14.436364,10.000000,1
439,14.673958,10.000000,1
440,14.593087,10.000000,1
441,14.411512,10.000000,1
442,14.498420,10.000000,1
443,14.647994,10.000000,1
444,14.623902,10.000000,1
445,15.038071,10.000000,1
446,14.138010,10.000000,1
447,14.465457,10.000000,1
448,14.586476,10.000000,1
449,14.357753,10.000000,1
450,14.898237,10.000000,1
451,14.708866,10.000000,1
452,14.761440,10.000000,1
453,15.597278,10.000000,1
454,16.179652,10.000000,1
455,14.578994,10.000000,1
456,14.541365,10.000000,1
457,14.511216,10.000000,1
458,14.376752,10.000000,1
459,14.332937,10.000000,1
460,15.680779,10.000000,1
461,14.582827,10.000000,1
462,15.257758,10.000000,1
463,14.274066,10.000000,1
464,14.686717,10.000000,1
465,16.151855,10.000000,1
466,15.154998,10.000000,1
467,14.501845,10.000000,1
468,14.556086,10.000000,1
469,14.575179,10.000000,1
470,15.334295,10.000000,1
471,15.806224,10.000000,1
472,14.757791,10.000000,1
473,14.554790,10.000000,1
474,14.903385,10.000000,1
475,14.536031,10.000000,1
476,14.755254,10.000000,1
477,14.646384,10.000000,1
478,15.136572,10.000000,1
479,15.361628,10.000000,1
480,14.540364,10.000000,1
481,15.356258,10.000000,1
482,14.347715,10.000000,1
483,14.664291,10.000000,1
484,14.475030,10.000000,1
485,14.813440,10.000000,1
486,14.624921,10.000000,1
487,14.348030,10.000000,1
488,14.549883,10.000000,1
489,14.612013,10.000000,1
490,14.478956,10.000000,1
491,14.482605,10.000000,1
492,14.586327,10.000000,1
493,14.358789,10.000000,1
494,14.584012,10.000000,1
495,14.727680,10.000000,1
496,14.282140,10.000000,1
497,14.444345,10.000000,1
498,14.490160,10.000000,1
499,14.756033,10.000000,1
500,14.549920,10.000000,1
501,14.534531,10.000000,1
502,14.675199,10.000000,1
503,14.530957,10.000000,1
504,14.864199,10.000000,1
505,14.744347,10.000000,1
506,14.563106,10.000000,1
507,14.354790,10.000000,1
508,14.362104,10.000000,1
509,14.345807,10.000000,1
510,14.448994,10.000000,1
511,14.286678,10.000000,1
512,14.415753,10.000000,1
513,14.488383,10.000000,1
514,14.371863,10.000000,1
515,14.336789,10.000000,1
516,14.632605,10.000000,1
517,14.714310,10.000000,1
518,14.561013,10.000000,1
519,14.973293,10.000000,1
520,14.455623,10.000000,1
521,14.670125,10.000000,1
522,14.683495,10.000000,1
523,14.710644,10.000000,1
524,14.789199,10.000000,1
525,14.691255,10.000000,1
526,14.764032,10.000000,1
527,14.684828,10.000000,1
528,15.033404,10.000000,1
529,14.673865,10.000000,1
530,14.918922,10.000000,1
531,14.552420,10.000000,1
532,14.735922,10.000000,1
533,16.209356,10.000000,1
534,14.609328,10.000000,1
535,14.617884,10.000000,1
536,14.934033,10.000000,1
537,15.435963,10.000000,1
538,14.708458,10.000000,1
539,19.174855,10.000000,1
540,14.933811,10.000000,1
541,14.875219,10.000000,1
542,14.758977,10.000000,1
543,14.617680,10.000000,1
544,14.664161,10.000000,1
545,14.599828,10.000000,1
546,14.502234,10.000000,1
547,15.551815,10.000000,1
548,15.042960,10.000000,1
549,15.172165,10.000000,1
550,14.484345,10.000000,1
551,14.644735,10.000000,1
552,14.496642,10.000000,1
553,15.204647,10.000000,1
554,14.445549,10.000000,1
555,14.595883,10.000000,1
556,14.549883,10.000000,1
557,14.276400,10.000000,1
558,14.640883,10.000000,1
559,14.361937,10.000000,1
560,14.597309,10.000000,1
561,14.485142,10.000000,1
562,14.686236,10.000000,1
563,14.410067,10.000000,1
564,14.307734,10.000000,1
565,14.572383,10.000000,1
566,14.370660,10.000000,1
567,14.985145,10.000000,1
568,14.184973,10.000000,1
569,14.384067,10.000000,1
570,14.561698,10.000000,1
571,14.263974,10.000000,1
572,14.644309,10.000000,1
573,14.763403,10.000000,1
574,14.336400,10.000000,1
575,14.764643,10.000000,1
576,14.171269,10.000000,1
577,14.419994,10.000000,1
578,14.502161,10.000000,1
579,14.473568,10.000000,1
580,14.451715,10.000000,1
581,14.519143,10.000000,1
582,14.581827,10.000000,1
583,14.445641,10.000000,1
584,14.367233,10.000000,1
585,14.466920,10.000000,1
586,14.258418,10.000000,1
587,14.442568,10.000000,1
588,14.355641,10.000000,1
589,14.377252,10.000000,1
590,14.642735,10.000000,1
591,14.460179,10.000000,1
592,14.550124,10.000000,1
593,14.982570,10.000000,1
594,14.563771,10.000000,1
595,14.267585,10.000000,1
596,14.998478,10.000000,1
597,14.311345,10.000000,1
598,15.160201,10.000000,1
599,14.714143,10.000000,1
600,14.506345,10.000000,1
601,16.601358,10.000000,1
602,16.699229,10.000000,1
603,14.300937,10.000000,1
604,14.694903,10.000000,1
605,14.533679,10.000000,1
606,14.278363,10.000000,1
607,16.052003,10.000000,1
608,15.288887,10.000000,1
609,14.681661,10.000000,1
610,14.890237,10.000000,1
611,14.463512,10.000000,1
612,14.729939,10.000000,1
613,14.690569,10.000000,1
614,14.394012,10.000000,1
615,15.764446,10.000000,1
616,15.402073,10.000000,1
617,14.824366,10.000000,1
618,14.405919,10.000000,1
619,14.522161,10.000000,1
620,14.603217,10.000000,1
621,14.852755,10.000000,1
622,14.826700,10.000000,1
623,14.630995,10.000000,1
624,14.580180,10.000000,1
625,14.629161,10.000000,1
626,14.375937,10.000000,1
627,14.672772,10.000000,1
628,14.781607,10.000000,1
629,14.554513,10.000000,1
630,14.751402,10.000000,1
631,14.313826,10.000000,1
632,14.293363,10.000000,1
633,14.553068,10.000000,1
634,14.292825,10.000000,1
635,14.651828,10.000000,1
636,14.459290,10.000000,1
637,14.604624,10.000000,1
638,14.565809,10.000000,1
639,14.659106,10.000000,1
640,14.411586,10.000000,1
641,14.645551,10.000000,1
642,14.685439,10.000000,1
643,14.638310,10.000000,1
644,14.439568,10.000000,1
645,14.580161,10.000000,1
646,14.572902,10.000000,1
647,14.628735,10.000000,1
648,14.650420,10.000000,1
649,14.535809,10.000000,1
650,14.761959,10.000000,1
651,14.172881,10.000000,1
652,14.672180,10.000000,1
653,14.798829,10.000000,1
654,14.921367,10.000000,1
655,15.230406,10.000000,1
656,14.560272,10.000000,1
657,14.490401,10.000000,1
658,14.654069,10.000000,1
659,14.815680,10.000000,1
660,14.799922,10.000000,1
661,14.680292,10.000000,1
662,17.755495,10.000000,1
663,14.736254,10.000000,1
664,14.989627,10.000000,1
665,14.538383,10.000000,1
666,15.167109,10.000000,1
667,15.952391,10.000000,1
668,15.230035,10.000000,1
669,14.864384,10.000000,1
670,14.700921,10.000000,1
671,14.509846,10.000000,1
672,14.284363,10.000000,1
673,14.366289,10.000000,1
674,16.474024,10.000000,1
675,15.107460,10.000000,1
676,14.817532,10.000000,1
677,14.648846,10.000000,1
678,14.935182,10.000000,1
679,14.496734,10.000000,1
680,14.580735,10.000000,1
681,14.642624,10.000000,1
682,14.743069,10.000000,1
683,15.960521,10.000000,1
684,15.160442,10.000000,1
685,14.958626,10.000000,1
686,14.573476,10.000000,1
687,14.631513,10.000000,1
688,14.606031,10.000000,1
689,14.823163,10.000000,1
690,14.634031,10.000000,1
691,14.823829,10.000000,1
692,14.561587,10.000000,1
693,14.299845,10.000000,1
694,14.758940,10.000000,1
695,14.202121,10.000000,1
696,14.824070,10.000000,1
697,14.559031,10.000000,1
698,14.220473,10.000000,1
699,14.659921,10.000000,1
700,14.483698,10.000000,1
701,14.496013,10.000000,1
702,14.603939,10.000000,1
703,14.874089,10.000000,1
704,14.592087,10.000000,1
705,14.689291,10.000000,1
706,14.308178,10.000000,1
707,14.915256,10.000000,1
708,14.913237,10.000000,1
709,14.835125,10.000000,1
710,14.692254,10.000000,1
711,14.675106,10.000000,1
712,14.963200,10.000000,1
713,14.550568,10.000000,1
714,14.511346,10.000000,1
715,14.632402,10.000000,1
716,14.822496,10.000000,1
717,14.873496,10.000000,1
718,14.526234,10.000000,1
719,14.523920,10.000000,1
720,14.442475,10.000000,1
721,14.910329,10.000000,1
722,14.748606,10.000000,1
723,14.511419,10.000000,1
724,14.870033,10.000000,1
725,14.719550,10.000000,1
726,14.313067,10.000000,1
727,14.835866,10.000000,1
728,14.550216,10.000000,1
729,14.762199,10.000000,1
730,14.725680,10.000000,1
731,15.398166,10.000000,1
732,14.807606,10.000000,1
733,14.533642,10.000000,1
734,14.943904,10.000000,1
735,15.001405,10.000000,1
736,14.794125,10.000000,1
737,16.492247,10.000000,1
738,15.354258,10.000000,1
739,14.812459,10.000000,1
740,14.664032,10.000000,1
741,14.617735,10.000000,1
742,16.444079,10.000000,1
743,15.248165,10.000000,1
744,14.586217,10.000000,1
745,14.988978,10.000000,1
746,14.659273,10.000000,1
747,14.671977,10.000000,1
748,14.625106,10.000000,1
749,14.621291,10.000000,1
750,14.788144,10.000000,1
751,15.327129,10.000000,1
752,15.086701,10.000000,1
753,14.677662,10.000000,1
754,14.415622,10.000000,1
755,14.469494,10.000000,1
756,14.442419,10.000000,1
757,14.712421,10.000000,1
758,14.267992,10.000000,1
759,14.403530,10.000000,1
760,14.396216,10.000000,1
761,14.323512,10.000000,1
762,14.640106,10.000000,1
763,14.382475,10.000000,1
764,14.824088,10.000000,1
765,14.650846,10.000000,1
766,14.796496,10.000000,1
767,14.481438,10.000000,1
768,14.191881,10.000000,1
769,14.701847,10.000000,1
770,14.741402,10.000000,1
771,14.609254,10.000000,1
772,14.558680,10.000000,1
773,14.695883,10.000000,1
774,14.530605,10.000000,1
775,14.412827,10.000000,1
776,14.894497,10.000000,1
777,14.242252,10.000000,1
778,14.640105,10.000000,1
779,14.390827,10.000000,1
780,14.619847,10.000000,1
781,14.628216,10.000000,1
782,14.374382,10.000000,1
783,14.418068,10.000000,1
784,14.862292,10.000000,1
785,14.511846,10.000000,1
786,14.887144,10.000000,1
787,14.705069,10.000000,1
788,14.613642,10.000000,1
789,14.665606,10.000000,1
790,14.728884,10.000000,1
791,14.643365,10.000000,1
792,14.646383,10.000000,1
793,14.545012,10.000000,1
794,14.535753,10.000000,1
795,14.467845,10.000000,1
796,14.703402,10.000000,1
797,14.583735,10.000000,1
798,14.472253,10.000000,1
799,15.297850,10.000000,1
800,14.639976,10.000000,1
801,14.525809,10.000000,1
802,15.205776,10.000000,1
803,14.195510,10.000000,1
804,14.443734,10.000000,1
805,16.060521,10.000000,1
806,15.246184,10.000000,1
807,14.478993,10.000000,1
808,14.529143,10.000000,1
809,14.578013,10.000000,1
810,16.426042,10.000000,1
811,15.138535,10.000000,1
812,14.430845,10.000000,1
813,14.968719,10.000000,1
814,14.616328,10.000000,1
815,14.532494,10.000000,1
816,14.348122,10.000000,1
817,14.563087,10.000000,1
818,14.890478,10.000000,1
819,15.533463,10.000000,1
820,14.508864,10.000000,1
821,16.463098,10.000000,1
822,14.479179,10.000000,1
823,14.598235,10.000000,1
824,14.782625,10.000000,1
825,14.275437,10.000000,1
826,14.605346,10.000000,1
827,14.719403,10.000000,1
828,14.682847,10.000000,1
829,14.678588,10.000000,1
830,14.365604,10.000000,1
831,14.560031,10.000000,1
832,14.803625,10.000000,1
833,14.568013,10.000000,1
834,14.753347,10.000000,1
835,14.630199,10.000000,1
836,14.236956,10.000000,1
837,14.647643,10.000000,1
838,14.668846,10.000000,1
839,14.508234,10.000000,1
840,14.716661,10.000000,1
841,14.674069,10.000000,1
842,14.472419,10.000000,1
843,14.542031,10.000000,1
844,14.683939,10.000000,1
845,14.386363,10.000000,1
846,14.565179,10.000000,1
847,14.558217,10.000000,1
848,14.340937,10.000000,1
849,14.047565,10.000000,1
850,14.252085,10.000000,1
851,14.722624,10.000000,1
852,14.639346,10.000000,1
853,14.226937,10.000000,1
854,14.566032,10.000000,1
855,14.317844,10.000000,1
856,14.571790,10.000000,1
857,14.543846,10.000000,1
858,14.557383,10.000000,1
859,14.457030,10.000000,1
860,14.551957,10.000000,1
861,14.636365,10.000000,1
862,14.402178,10.000000,1
863,14.721810,10.000000,1
864,14.383641,10.000000,1
865,14.658717,10.000000,1
866,14.344178,10.000000,1
867,14.755384,10.000000,1
868,15.461814,10.000000,1
869,14.576365,10.000000,1
870,15.028516,10.000000,1
871,14.597235,10.000000,1
872,14.503605,10.000000,1
873,16.165559,10.000000,1
874,15.484093,10.000000,1
875,14.590606,10.000000,1
876,14.605272,10.000000,1
877,14.371975,10.000000,1
878,15.706741,10.000000,1
879,15.297221,10.000000,1
880,14.731791,10.000000,1
881,14.644606,10.000000,1
882,15.076256,10.000000,1
883,14.688624,10.000000,1
884,14.692532,10.000000,1
885,14.472679,10.000000,1
886,14.557068,10.000000,1
887,15.644686,10.000000,1
888,14.317085,10.000000,1
889,15.147813,10.000000,1
890,14.438512,10.000000,1
891,14.225029,10.000000,1
892,14.662383,10.000000,1
893,14.779921,10.000000,1
894,14.781347,10.000000,1
895,14.528790,10.000000,1
896,14.705403,10.000000,1
897,14.278585,10.000000,1
898,14.774292,10.000000,1
899,14.324622,10.000000,1
900,14.696828,10.000000,1
901,14.545939,10.000000,1
902,14.596865,10.000000,1
903,14.703477,10.000000,1
904,14.747662,10.000000,1
905,14.667125,10.000000,1
906,14.520623,10.000000,1
907,14.539716,10.000000,1
908,14.847829,10.000000,1
909,14.607939,10.000000,1
910,14.455105,10.000000,1
911,14.047454,10.000000,1
912,14.522179,10.000000,1
913,14.518957,10.000000,1
914,14.395290,10.000000,1
915,14.296363,10.000000,1
916,14.429586,10.000000,1
917,14.457198,10.000000,1
918,14.599680,10.000000,1
919,14.561328,10.000000,1
920,14.513605,10.000000,1
921,14.282474,10.000000,1
922,14.371308,10.000000,1
923,14.661032,10.000000,1
924,14.740754,10.000000,1
925,14.463864,10.000000,1
926,14.393178,10.000000,1
927,14.271622,10.000000,1
928,14.676865,10.000000,1
929,14.435030,10.000000,1
930,14.377993,10.000000,1
931,14.744922,10.000000,1
932,14.387882,10.000000,1
933,14.682588,10.000000,1
934,14.531161,10.000000,1
935,14.601957,10.000000,1
936,15.555944,10.000000,1
937,14.591457,10.000000,1
938,14.918996,10.000000,1
939,14.686699,10.000000,1
940,14.747773,10.000000,1
941,15.314221,10.000000,1
942,15.527019,10.000000,1
943,14.831440,10.000000,1
944,14.895681,10.000000,1
945,14.589809,10.000000,1
946,15.330795,10.000000,1
947,15.978614,10.000000,1
948,14.736699,10.000000,1
949,14.609050,10.000000,1
950,15.069534,10.000000,1
951,14.539124,10.000000,1
952,14.455364,10.000000,1
953,15.025645,10.000000,1
954,14.752514,10.000000,1
955,15.816076,10.000000,1
956,14.766847,10.000000,1
957,14.426289,10.000000,1
958,14.498253,10.000000,1
959,14.759106,10.000000,1
960,14.614754,10.000000,1
961,14.384530,10.000000,1
962,14.649124,10.000000,1
963,14.509142,10.000000,1
964,14.340234,10.000000,1
965,14.665643,10.000000,1
966,14.523049,10.000000,1
967,14.526457,10.000000,1
968,14.505678,10.000000,1
969,14.567272,10.000000,1
970,14.836977,10.000000,1
971,14.579179,10.000000,1
972,14.291437,10.000000,1
973,14.464956,10.000000,1
974,14.688199,10.000000,1
975,14.405660,10.000000,1
976,14.660865,10.000000,1
977,14.382882,10.000000,1
978,14.835440,10.000000,1
979,14.857940,10.000000,1
980,14.594680,10.000000,1
981,14.372456,10.000000,1
982,14.552161,10.000000,1
983,14.513531,10.000000,1
984,14.290622,10.000000,1
985,14.379104,10.000000,1
986,14.626957,10.000000,1
987,14.311566,10.000000,1
988,14.623328,10.000000,1
989,14.546920,10.000000,1
990,14.835181,10.000000,1
991,14.506531,10.000000,1
992,14.603161,10.000000,1
993,14.425901,10.000000,1
994,14.720051,10.000000,1
995,15.043274,10.000000,1
996,15.241720,10.000000,1
997,14.803940,10.000000,1
998,14.791477,10.000000,1
999,14.501420,10.000000,1
1000,14.701013,10.000000,1
1001,14.415067,10.000000,1
1002,14.713976,10.000000,1
1003,14.604624,10.000000,1
1004,15.085368,10.000000,1
1005,14.635031,10.000000,1
1006,17.055824,10.000000,1
1007,15.160072,10.000000,1
1008,14.416104,10.000000,1
1009,15.718464,10.000000,1
1010,15.631389,10.000000,1
1011,15.005423,10.000000,1
1012,14.296030,10.000000,1
1013,14.261085,10.000000,1
1014,15.124961,10.000000,1
1015,16.071114,10.000000,1
1016,15.204850,10.000000,1
1017,14.619680,10.000000,1
1018,14.871089,10.000000,1
1019,14.446530,10.000000,1
1020,14.523161,10.000000,1
1021,14.587902,10.000000,1
1022,14.602680,10.000000,1
1023,15.693575,10.000000,1
1024,14.895329,10.000000,1
1025,14.842199,10.000000,1
1026,14.931348,10.000000,1
1027,14.656161,10.000000,1
1028,14.424975,10.000000,1
1029,14.699032,10.000000,1
1030,14.942774,10.000000,1
1031,14.292770,10.000000,1
1032,14.753791,10.000000,1
1033,14.816607,10.000000,1
1034,14.310011,10.000000,1
1035,14.744013,10.000000,1
1036,14.636013,10.000000,1
1037,14.554309,10.000000,1
1038,14.515327,10.000000,1
1039,14.807458,10.000000,1
1040,14.600476,10.000000,1
1041,14.844051,10.000000,1
1042,14.326419,10.000000,1
1043,14.691347,10.000000,1
1044,14.696569,10.000000,1
1045,14.870922,10.000000,1
1046,14.472309,10.000000,1
1047,14.539697,10.000000,1
1048,14.709069,10.000000,1
1049,14.656143,10.000000,1
1050,14.855681,10.000000,1
1051,14.353271,10.000000,1
1052,14.660625,10.000000,1
1053,14.366437,10.000000,1
1054,14.865922,10.000000,1
1055,14.259381,10.000000,1
1056,14.697106,10.000000,1
1057,14.705902,10.000000,1
1058,14.600772,10.000000,1
1059,14.337474,10.000000,1
1060,14.482253,10.000000,1
1061,14.561420,10.000000,1
1062,14.680513,10.000000,1
1063,14.684699,10.000000,1
1064,14.796736,10.000000,1
1065,14.753847,10.000000,1
1066,14.545124,10.000000,1
1067,14.878737,10.000000,1
1068,14.649032,10.000000,1
1069,14.687995,10.000000,1
1070,14.317641,10.000000,1
1071,14.738181,10.000000,1
1072,14.994367,10.000000,1
1073,14.476475,10.000000,1
1074,14.317160,10.000000,1
1075,14.395493,10.000000,1
1076,14.414197,10.000000,1
1077,16.082540,10.000000,1
1078,14.990201,10.000000,1
1079,14.829051,10.000000,1
1080,15.112664,10.000000,1
1081,14.783792,10.000000,1
1082,15.542074,10.000000,1
1083,15.381351,10.000000,1
1084,14.405530,10.000000,1
1085,14.565142,10.000000,1
1086,14.942293,10.000000,1
1087,14.720273,10.000000,1
1088,14.715144,10.000000,1
1089,14.788625,10.000000,1
1090,14.678106,10.000000,1
1091,15.777279,10.000000,1
1092,14.613365,10.000000,1
1093,15.343684,10.000000,1
1094,14.462438,10.000000,1
1095,14.724069,10.000000,1
1096,14.761291,10.000000,1
1097,14.927774,10.000000,1
1098,14.549457,10.000000,1
1099,14.492383,10.000000,1
1100,14.814311,10.000000,1
1101,14.140936,10.000000,1
1102,14.089399,10.000000,1
1103,14.611883,10.000000,1
1104,14.774218,10.000000,1
1105,14.313660,10.000000,1
1106,14.498068,10.000000,1
1107,14.153529,10.000000,1
1108,14.687551,10.000000,1
1109,14.689513,10.000000,1
1110,14.601772,10.000000,1
1111,14.650346,10.000000,1
1112,14.390475,10.000000,1
1113,14.544476,10.000000,1
1114,14.089213,10.000000,1
1115,14.302752,10.000000,1
1116,14.413938,10.000000,1
1117,14.813478,10.000000,1
1118,14.604476,10.000000,1
1119,14.298696,10.000000,1
1120,14.445642,10.000000,1
1121,14.728902,10.000000,1
1122,14.748255,10.000000,1
1123,14.774588,10.000000,1
1124,14.895571,10.000000,1
1125,14.933978,10.000000,1
1126,14.870255,10.000000,1
1127,14.789773,10.000000,1
1128,14.650976,10.000000,1
1129,14.640068,10.000000,1
1130,14.628680,10.000000,1
1131,14.681328,10.000000,1
1132,14.452345,10.000000,1
1133,14.671458,10.000000,1
1134,14.391678,10.000000,1
1135,14.669124,10.000000,1
1136,14.265066,10.000000,1
1137,14.527346,10.000000,1
1138,14.293585,10.000000,1
1139,14.743236,10.000000,1
1140,15.546833,10.000000,1
1141,14.601809,10.000000,1
1142,15.264294,10.000000,1
1143,14.656550,10.000000,1
1144,14.668439,10.000000,1
1145,15.627149,10.000000,1
1146,15.463610,10.000000,1
1147,14.675828,10.000000,1
1148,14.326641,10.000000,1
1149,14.600013,10.000000,1
1150,15.580556,10.000000,1
1151,15.790965,10.000000,1
1152,15.000886,10.000000,1
1153,14.622050,10.000000,1
1154,14.628439,10.000000,1
1155,14.623087,10.000000,1
1156,14.905181,10.000000,1
1157,14.649939,10.000000,1
1158,14.587161,10.000000,1
1159,16.589821,10.000000,1
1160,14.487790,10.000000,1
1161,15.478499,10.000000,1
1162,14.520494,10.000000,1
1163,14.491568,10.000000,1
1164,14.686439,10.000000,1
1165,14.383938,10.000000,1
1166,14.696940,10.000000,1
1167,14.295659,10.000000,1
1168,14.356567,10.000000,1
1169,14.356900,10.000000,1
1170,14.272196,10.000000,1
1171,14.540809,10.000000,1
1172,14.609901,10.000000,1
1173,14.272511,10.000000,1
1174,14.580087,10.000000,1
1175,14.703958,10.000000,1
1176,14.506920,10.000000,1
1177,14.516679,10.000000,1
1178,14.687310,10.000000,1
1179,14.550883,10.000000,1
1180,14.506586,10.000000,1
1181,14.628939,10.000000,1
1182,14.582809,10.000000,1
1183,14.333956,10.000000,1
1184,14.767125,10.000000,1
1185,14.246436,10.000000,1
1186,14.674495,10.000000,1
1187,14.560105,10.000000,1
1188,14.717958,10.000000,1
1189,14.591939,10.000000,1
1190,14.511697,10.000000,1
1191,14.546512,10.000000,1
1192,14.446678,10.000000,1
1193,14.506698,10.000000,1
1194,14.470956,10.000000,1
1195,14.506105,10.000000,1
1196,14.407401,10.000000,1
1197,14.471382,10.000000,1
1198,14.482290,10.000000,1
1199,14.582753,10.000000,1
1200,14.690958,10.000000,1
1201,14.662143,10.000000,1
1202,14.807532,10.000000,1
1203,14.751199,10.000000,1
1204,14.637032,10.000000,1
1205,14.766773,10.000000,1
1206,14.554753,10.000000,1
1207,14.569105,10.000000,1
1208,15.417554,10.000000,1
1209,14.652476,10.000000,1
1210,15.166535,10.000000,1
1211,14.684310,10.000000,1
1212,14.820088,10.000000,1
1213,15.157275,10.000000,1
1214,15.219239,10.000000,1
1215,14.366270,10.000000,1
1216,14.748440,10.000000,1
1217,14.751255,10.000000,1
1218,15.235628,10.000000,1
1219,15.749872,10.000000,1
1220,15.823316,10.000000,1
1221,14.572920,10.000000,1
1222,15.052200,10.000000,1
1223,14.432419,10.000000,1
1224,14.594253,10.000000,1
1225,14.726013,10.000000,1
1226,14.609921,10.000000,1
1227,15.967966,10.000000,1
1228,15.529611,10.000000,1
1229,14.924200,10.000000,1
1230,14.496845,10.000000,1
1231,14.951459,10.000000,1
1232,14.493734,10.000000,1
1233,14.808792,10.000000,1
1234,14.383493,10.000000,1
1235,14.681329,10.000000,1
1236,14.228140,10.000000,1
1237,14.637736,10.000000,1
1238,14.114454,10.000000,1
1239,14.303974,10.000000,1
1240,14.576253,10.000000,1
1241,14.568606,10.000000,1
1242,14.793829,10.000000,1
1243,14.384660,10.000000,1
1244,14.433104,10.000000,1
1245,14.530327,10.000000,1
1246,14.667124,10.000000,1
1247,14.598957,10.000000,1
1248,14.757069,10.000000,1
1249,14.496623,10.000000,1
1250,14.323900,10.000000,1
1251,14.771347,10.000000,1
1252,14.664477,10.000000,1
1253,14.548569,10.000000,1
1254,14.740662,10.000000,1
1255,14.539142,10.000000,1
1256,14.626550,10.000000,1
1257,14.556938,10.000000,1
1258,14.254677,10.000000,1
1259,14.622754,10.000000,1
1260,14.435604,10.000000,1
1261,14.429493,10.000000,1
1262,14.363493,10.000000,1
1263,14.250752,10.000000,1
1264,14.402438,10.000000,1
1265,14.254029,10.000000,1
1266,14.593828,10.000000,1
1267,14.543661,10.000000,1
1268,14.774273,10.000000,1
1269,14.445605,10.000000,1
1270,14.710847,10.000000,1
1271,14.463716,10.000000,1
1272,14.627883,10.000000,1
1273,14.349845,10.000000,1
1274,14.761866,10.000000,1
1275,14.682717,10.000000,1
1276,15.458129,10.000000,1
1277,14.497087,10.000000,1
1278,15.125942,10.000000,1
1279,14.596457,10.000000,1
1280,14.426530,10.000000,1
1281,15.521907,10.000000,1
1282,14.925274,10.000000,1
1283,14.674032,10.000000,1
1284,14.929367,10.000000,1
1285,14.493457,10.000000,1
1286,14.924200,10.000000,1
1287,15.482981,10.000000,1
1288,15.307795,10.000000,1
1289,14.501383,10.000000,1
1290,15.066182,10.000000,1
1291,14.266011,10.000000,1
1292,14.650754,10.000000,1
1293,14.594679,10.000000,1
1294,14.600847,10.000000,1
1295,15.061034,10.000000,1
1296,15.170312,10.000000,1
1297,14.608346,10.000000,1
1298,14.608569,10.000000,1
1299,14.373919,10.000000,1
1300,14.299826,10.000000,1
1301,14.514587,10.000000,1
1302,14.648717,10.000000,1
1303,14.467938,10.000000,1
1304,14.735995,10.000000,1
1305,14.686198,10.000000,1
1306,14.606680,10.000000,1
1307,14.370234,10.000000,1
1308,14.547938,10.000000,1
1309,14.449623,10.000000,1
1310,14.472827,10.000000,1
1311,14.621624,10.000000,1
1312,14.492771,10.000000,1
1313,14.689291,10.000000,1
1314,14.600272,10.000000,1
1315,14.988386,10.000000,1
1316,14.366660,10.000000,1
1317,14.299826,10.000000,1
1318,14.617087,10.000000,1
1319,14.578623,10.000000,1
1320,14.320640,10.000000,1
1321,14.687495,10.000000,1
1322,14.669476,10.000000,1
1323,14.544512,10.000000,1
1324,14.528957,10.000000,1
1325,14.713884,10.000000,1
1326,14.510420,10.000000,1
1327,14.370808,10.000000,1
1328,14.734754,10.000000,1
1329,14.553531,10.000000,1
1330,14.614605,10.000000,1
1331,14.621736,10.000000,1
1332,14.521790,10.000000,1
1333,14.715069,10.000000,1
1334,14.657754,10.000000,1
1335,14.826589,10.000000,1
1336,14.487419,10.000000,1
1337,14.318696,10.000000,1
1338,14.415827,10.000000,1
1339,14.406734,10.000000,1
1340,14.549494,10.000000,1
1341,14.727736,10.000000,1
1342,14.396363,10.000000,1
1343,14.656050,10.000000,1
1344,15.587852,10.000000,1
1345,14.297141,10.000000,1
1346,14.667236,10.000000,1
1347,15.347165,10.000000,1
1348,14.741440,10.000000,1
1349,15.163183,10.000000,1
1350,15.245628,10.000000,1
1351,16.052910,10.000000,1
1352,16.027448,10.000000,1
1353,14.590809,10.000000,1
1354,15.102442,10.000000,1
1355,15.343536,10.000000,1
1356,15.171146,10.000000,1
1357,14.537772,10.000000,1
1358,15.372796,10.000000,1
1359,14.690995,10.000000,1
1360,14.271085,10.000000,1
1361,14.790162,10.000000,1
1362,14.506142,10.000000,1
1363,15.146480,10.000000,1
1364,15.003997,10.000000,1
1365,14.520790,10.000000,1
1366,14.241881,10.000000,1
1367,14.846681,10.000000,1
1368,14.223918,10.000000,1
1369,14.418234,10.000000,1
1370,14.483216,10.000000,1
1371,14.301919,10.000000,1
1372,14.477235,10.000000,1
1373,14.790384,10.000000,1
1374,14.457475,10.000000,1
1375,14.838663,10.000000,1
1376,14.481198,10.000000,1
1377,14.605883,10.000000,1
1378,14.707995,10.000000,1
1379,14.834496,10.000000,1
1380,14.444845,10.000000,1
1381,14.654865,10.000000,1
1382,14.531253,10.000000,1
1383,14.530846,10.000000,1
1384,14.612365,10.000000,1
1385,14.241900,10.000000,1
1386,14.668143,10.000000,1
1387,14.603884,10.000000,1
1388,14.372179,10.000000,1
1389,14.923534,10.000000,1
1390,14.610791,10.000000,1
1391,14.326085,10.000000,1
1392,14.509086,10.000000,1
1393,14.594754,10.000000,1
1394,14.496438,10.000000,1
1395,14.410882,10.000000,1
1396,14.521105,10.000000,1
1397,14.585290,10.000000,1
1398,14.450531,10.000000,1
1399,14.378660,10.000000,1
1400,14.267344,10.000000,1
1401,14.721533,10.000000,1
1402,14.428235,10.000000,1
1403,14.830329,10.000000,1
1404,14.619569,10.000000,1
1405,14.451049,10.000000,1
1406,14.430456,10.000000,1
1407,14.406586,10.000000,1
1408,14.823366,10.000000,1
1409,14.668310,10.000000,1
1410,14.705218,10.000000,1
1411,15.204775,10.000000,1
1412,15.547481,10.000000,1
1413,14.297289,10.000000,1
1414,14.586309,10.000000,1
1415,15.013182,10.000000,1
1416,14.464938,10.000000,1
1417,15.203016,10.000000,1
1418,15.369277,10.000000,1
1419,14.643865,10.000000,1
1420,14.736847,10.000000,1
1421,14.674587,10.000000,1
1422,14.799403,10.000000,1
1423,16.466580,10.000000,1
1424,14.622902,10.000000,1
1425,15.276646,10.000000,1
1426,14.854570,10.000000,1
1427,14.683828,10.000000,1
1428,14.914663,10.000000,1
1429,15.120608,10.000000,1
1430,14.717458,10.000000,1
1431,15.889242,10.000000,1
1432,14.623699,10.000000,1
1433,15.080553,10.000000,1
1434,14.499790,10.000000,1
1435,14.541290,10.000000,1
1436,14.656495,10.000000,1
1437,14.780774,10.000000,1
1438,14.458197,10.000000,1
1439,14.732717,10.000000,1
1440,14.449567,10.000000,1
1441,14.674180,10.000000,1
1442,14.548475,10.000000,1
1443,14.541346,10.000000,1
1444,14.576550,10.000000,1
1445,14.375382,10.000000,1
1446,14.543661,10.000000,1
1447,14.394419,10.000000,1
1448,14.490809,10.000000,1
1449,14.460586,10.000000,1
1450,14.535734,10.000000,1
1451,14.627291,10.000000,1
1452,14.431271,10.000000,1
1453,14.549809,10.000000,1
1454,14.668680,10.000000,1
1455,14.330233,10.000000,1
1456,14.778810,10.000000,1
1457,14.863700,10.000000,1
1458,14.717347,10.000000,1
1459,14.697513,10.000000,1
1460,14.634494,10.000000,1
1461,14.605031,10.000000,1
1462,14.450383,10.000000,1
1463,14.948848,10.000000,1
1464,14.390937,10.000000,1
1465,14.837181,10.000000,1
1466,14.323011,10.000000,1
1467,14.627106,10.000000,1
1468,14.658828,10.000000,1
1469,14.544828,10.000000,1
1470,14.455197,10.000000,1
1471,15.168443,10.000000,1
1472,14.652958,10.000000,1
1473,14.842922,10.000000,1
1474,14.479790,10.000000,1
1475,14.660513,10.000000,1
1476,14.427678,10.000000,1
1477,14.370085,10.000000,1
1478,14.737162,10.000000,1
1479,14.748866,10.000000,1
1480,15.211016,10.000000,1
1481,14.821366,10.000000,1
1482,14.459808,10.000000,1
1483,15.334128,10.000000,1
1484,14.425808,10.000000,1
1485,15.642667,10.000000,1
1486,15.535574,10.000000,1
1487,14.522531,10.000000,1
1488,14.749051,10.000000,1
1489,14.444401,10.000000,1
1490,14.620883,10.000000,1
1491,16.394376,10.000000,1
1492,15.345314,10.000000,1
1493,14.793922,10.000000,1
1494,14.770810,10.000000,1
1495,14.900052,10.000000,1
1496,14.623068,10.000000,1
1497,14.664865,10.000000,1
1498,14.906959,10.000000,1
1499,15.683797,10.000000,1
1500,15.204906,10.000000,1
1501,14.996571,10.000000,1
1502,14.090695,10.000000,1
1503,14.760347,10.000000,1
1504,14.365159,10.000000,1
1505,14.561291,10.000000,1
1506,14.542587,10.000000,1
1507,14.606328,10.000000,1
1508,14.379085,10.000000,1
1509,14.612531,10.000000,1
1510,15.233924,10.000000,1
1511,14.639365,10.000000,1
1512,14.363363,10.000000,1
1513,14.625235,10.000000,1
1514,14.547697,10.000000,1
1515,14.603828,10.000000,1
1516,14.446864,10.000000,1
1517,14.374308,10.000000,1
1518,14.444697,10.000000,1
1519,14.260437,10.000000,1
1520,14.831089,10.000000,1
1521,14.308011,10.000000,1
1522,14.184307,10.000000,1
1523,14.678420,10.000000,1
1524,14.793532,10.000000,1
1525,14.584902,10.000000,1
1526,14.457364,10.000000,1
1527,14.622346,10.000000,1
1528,14.866218,10.000000,1
1529,14.770162,10.000000,1
1530,14.171047,10.000000,1
1531,14.487624,10.000000,1
1532,14.300178,10.000000,1
1533,14.424716,10.000000,1
1534,14.504401,10.000000,1
1535,14.699940,10.000000,1
1536,14.618236,10.000000,1
1537,14.516790,10.000000,1
1538,14.494956,10.000000,1
1539,14.433660,10.000000,1
1540,14.351216,10.000000,1
1541,14.746921,10.000000,1
1542,14.300104,10.000000,1
1543,14.780903,10.000000,1
1544,14.916182,10.000000,1
1545,14.543828,10.000000,1
1546,14.543587,10.000000,1
1547,14.367863,10.000000,1
1548,15.850447,10.000000,1
1549,14.557049,10.000000,1
1550,14.481697,10.000000,1
1551,14.887589,10.000000,1
1552,14.571179,10.000000,1
1553,14.738218,10.000000,1
1554,15.438647,10.000000,1
1555,15.524167,10.000000,1
1556,14.785440,10.000000,1
1557,14.359197,10.000000,1
1558,15.311146,10.000000,1
1559,16.676766,10.000000,1
1560,15.052275,10.000000,1
1561,14.801144,10.000000,1
1562,14.721662,10.000000,1
1563,14.420845,10.000000,1
1564,14.669198,10.000000,1
1565,14.751421,10.000000,1
1566,14.672902,10.000000,1
1567,16.505821,10.000000,1
1568,14.988626,10.000000,1
1569,14.470382,10.000000,1
1570,14.294141,10.000000,1
1571,14.571735,10.000000,1
1572,14.564550,10.000000,1
1573,14.658884,10.000000,1
1574,14.480623,10.000000,1
1575,14.698217,10.000000,1
1576,14.408956,10.000000,1
1577,14.674013,10.000000,1
1578,14.262807,10.000000,1
1579,14.426938,10.000000,1
1580,14.637068,10.000000,1
1581,14.546864,10.000000,1
1582,14.761273,10.000000,1
1583,14.315752,10.000000,1
1584,14.580920,10.000000,1
1585,14.367418,10.000000,1
1586,14.633606,10.000000,1
1587,14.296863,10.000000,1
1588,14.751995,10.000000,1
1589,14.612365,10.000000,1
1590,14.631587,10.000000,1
1591,14.120269,10.000000,1
1592,14.802365,10.000000,1
1593,14.575087,10.000000,1
1594,14.637550,10.000000,1
1595,14.394160,10.000000,1
1596,14.569402,10.000000,1
1597,14.605106,10.000000,1
1598,14.376493,10.000000,1
1599,14.937348,10.000000,1
1600,14.528549,10.000000,1
1601,14.665236,10.000000,1
1602,14.917052,10.000000,1
1603,14.770773,10.000000,1
1604,14.653531,10.000000,1
1605,14.307808,10.000000,1
1606,14.183566,10.000000,1
1607,14.476364,10.000000,1
1608,14.435327,10.000000,1
1609,14.442549,10.000000,1
1610,14.639550,10.000000,1
1611,14.209566,10.000000,1
1612,14.272400,10.000000,1
1613,14.793847,10.000000,1
1614,14.398993,10.000000,1
1615,14.591735,10.000000,1
1616,15.360351,10.000000,1
1617,14.403085,10.000000,1
1618,14.483253,10.000000,1
1619,15.212294,10.000000,1
1620,14.219751,10.000000,1
1621,14.467050,10.000000,1
1622,16.102893,10.000000,1
1623,15.410943,10.000000,1
1624,14.316900,10.000000,1
1625,14.426049,10.000000,1
1626,15.129368,10.000000,1
1627,15.925298,10.000000,1
1628,15.152979,10.000000,1
1629,14.761736,10.000000,1
1630,15.281313,10.000000,1
1631,14.520993,10.000000,1
1632,14.854181,10.000000,1
1633,14.546920,10.000000,1
1634,14.397234,10.000000,1
1635,15.692279,10.000000,1
1636,14.742754,10.000000,1
1637,14.761977,10.000000,1
1638,14.759125,10.000000,1
1639,14.621327,10.000000,1
1640,15.550889,10.000000,1
1641,14.787200,10.000000,1
1642,14.453660,10.000000,1
1643,14.613217,10.000000,1
1644,14.631736,10.000000,1
1645,14.558883,10.000000,1
1646,14.163047,10.000000,1
1647,14.351475,10.000000,1
1648,14.509791,10.000000,1
1649,14.599106,10.000000,1
1650,14.429197,10.000000,1
1651,14.596420,10.000000,1
1652,14.524068,10.000000,1
1653,14.304363,10.000000,1
1654,14.406401,10.000000,1
1655,14.404697,10.000000,1
1656,14.493290,10.000000,1
1657,14.697217,10.000000,1
1658,14.627347,10.000000,1
1659,14.393382,10.000000,1
1660,14.606550,10.000000,1
1661,14.230955,10.000000,1
1662,14.546828,10.000000,1
1663,14.525698,10.000000,1
1664,14.374660,10.000000,1
1665,14.809236,10.000000,1
1666,14.638828,10.000000,1
1667,14.293678,10.000000,1
1668,14.700717,10.000000,1
1669,14.465363,10.000000,1
1670,14.681772,10.000000,1
1671,14.458808,10.000000,1
1672,14.162714,10.000000,1
1673,14.485605,10.000000,1
1674,14.981663,10.000000,1
1675,14.503883,10.000000,1
1676,14.449827,10.000000,1
1677,14.959682,10.000000,1
1678,14.353715,10.000000,1
1679,14.535716,10.000000,1
1680,14.732032,10.000000,1
1681,14.457493,10.000000,1
1682,14.512160,10.000000,1
1683,14.271752,10.000000,1
1684,14.645161,10.000000,1
1685,14.670365,10.000000,1
1686,14.290641,10.000000,1
1687,15.182887,10.000000,1
1688,14.427956,10.000000,1
1689,14.478364,10.000000,1
1690,18.638333,10.000000,1
1691,19.276170,10.000000,1
1692,15.747945,10.000000,1
1693,14.576809,10.000000,1
1694,14.446123,10.000000,1
1695,15.974632,10.000000,1
1696,17.679920,10.000000,1
1697,15.351573,10.000000,1
1698,14.920256,10.000000,1
1699,14.705347,10.000000,1
1700,15.067145,10.000000,1
1701,14.602346,10.000000,1
1702,14.741736,10.000000,1
1703,14.544994,10.000000,1
1704,15.145831,10.000000,1
1705,15.794280,10.000000,1
1706,15.005497,10.000000,1
1707,14.616031,10.000000,1
1708,14.543846,10.000000,1
1709,14.970311,10.000000,1
1710,14.795699,10.000000,1
1711,14.367659,10.000000,1
1712,14.558124,10.000000,1
1713,14.627532,10.000000,1
1714,14.576828,10.000000,1
1715,14.567439,10.000000,1
1716,14.482993,10.000000,1
1717,14.678736,10.000000,1
1718,14.382622,10.000000,1
1719,14.185917,10.000000,1
1720,14.681495,10.000000,1
1721,14.686625,10.000000,1
1722,14.586642,10.000000,1
1723,14.339400,10.000000,1
1724,14.338123,10.000000,1
1725,14.534716,10.000000,1
1726,14.929904,10.000000,1
1727,14.835773,10.000000,1
1728,14.917552,10.000000,1
1729,14.610679,10.000000,1
1730,14.397734,10.000000,1
1731,14.786977,10.000000,1
1732,14.938459,10.000000,1
1733,14.239492,10.000000,1
1734,14.504308,10.000000,1
1735,14.803903,10.000000,1
1736,14.567365,10.000000,1
1737,14.438642,10.000000,1
1738,14.369660,10.000000,1
1739,14.615291,10.000000,1
1740,14.235029,10.000000,1
1741,14.270122,10.000000,1
1742,14.839162,10.000000,1
1743,14.423309,10.000000,1
1744,14.583475,10.000000,1
1745,14.488179,10.000000,1
1746,14.621161,10.000000,1
1747,14.197121,10.000000,1
1748,14.706143,10.000000,1
1749,14.224862,10.000000,1
1750,14.550938,10.000000,1
1751,14.253955,10.000000,1
1752,15.039942,10.000000,1
1753,14.384734,10.000000,1
1754,14.282733,10.000000,1
1755,14.976552,10.000000,1
1756,14.340993,10.000000,1
1757,16.056207,10.000000,1
1758,15.529852,10.000000,1
1759,14.687680,10.000000,1
1760,14.679217,10.000000,1
1761,14.610624,10.000000,1
1762,15.104813,10.000000,1
1763,15.988318,10.000000,1
1764,15.264054,10.000000,1
1765,14.485030,10.000000,1
1766,14.762311,10.000000,1
1767,14.777681,10.000000,1
1768,14.992885,10.000000,1
1769,14.947386,10.000000,1
1770,14.722143,10.000000,1
1771,15.529388,10.000000,1
1772,15.124960,10.000000,1
1773,14.773384,10.000000,1
1774,14.392994,10.000000,1
1775,14.612790,10.000000,1
1776,14.944959,10.000000,1
1777,14.669235,10.000000,1
1778,14.625458,10.000000,1
1779,14.797977,10.000000,1
1780,14.501661,10.000000,1
1781,14.196511,10.000000,1
1782,14.487864,10.000000,1
1783,14.604031,10.000000,1
1784,14.636717,10.000000,1
1785,14.982127,10.000000,1
1786,14.295715,10.000000,1
1787,14.654291,10.000000,1
1788,14.840922,10.000000,1
1789,14.340567,10.000000,1
1790,14.749310,10.000000,1
1791,14.665661,10.000000,1
1792,14.547550,10.000000,1
1793,14.818496,10.000000,1
1794,14.886460,10.000000,1
1795,14.496049,10.000000,1
1796,14.777236,10.000000,1
1797,14.575883,10.000000,1
1798,14.573216,10.000000,1
1799,14.606754,10.000000,1
1800,14.766569,10.000000,1
1801,14.344271,10.000000,1
1802,14.507123,10.000000,1
1803,14.722495,10.000000,1
1804,14.956663,10.000000,1
1805,14.363418,10.000000,1
1806,14.444604,10.000000,1
1807,14.652050,10.000000,1
1808,14.533494,10.000000,1
1809,14.476420,10.000000,1
1810,14.691180,10.000000,1
1811,14.900589,10.000000,1
1812,14.651051,10.000000,1
1813,14.583217,10.000000,1
1814,14.795700,10.000000,1
1815,14.366493,10.000000,1
1816,14.336697,10.000000,1
1817,14.413474,10.000000,1
1818,14.494864,10.000000,1
1819,14.644032,10.000000,1
1820,15.187516,10.000000,1
1821,14.589884,10.000000,1
1822,14.351919,10.000000,1
1823,15.419351,10.000000,1
1824,14.314400,10.000000,1
1825,15.667426,10.000000,1
1826,15.854576,10.000000,1
1827,14.981126,10.000000,1
1828,14.526642,10.000000,1
1829,14.393660,10.000000,1
1830,15.210720,10.000000,1
1831,15.507981,10.000000,1
1832,15.376906,10.000000,1
1833,14.718569,10.000000,1
1834,15.093330,10.000000,1
1835,14.758717,10.000000,1
1836,14.621402,10.000000,1
1837,14.404623,10.000000,1
1838,14.664994,10.000000,1
1839,15.648630,10.000000,1
1840,15.119905,10.000000,1
1841,14.627606,10.000000,1
1842,14.768273,10.000000,1
1843,14.910940,10.000000,1
1844,14.664402,10.000000,1
1845,14.565957,10.000000,1
1846,14.617828,10.000000,1
1847,14.582068,10.000000,1
1848,14.350085,10.000000,1
1849,15.085571,10.000000,1
1850,14.476734,10.000000,1
1851,14.465475,10.000000,1
1852,14.324622,10.000000,1
1853,14.789996,10.000000,1
1854,14.742792,10.000000,1
1855,15.066590,10.000000,1
1856,14.518772,10.000000,1
1857,14.285678,10.000000,1
1858,14.467771,10.000000,1
1859,14.494215,10.000000,1
1860,14.567271,10.000000,1
1861,14.792680,10.000000,1
1862,14.493938,10.000000,1
1863,14.649717,10.000000,1
1864,14.583883,10.000000,1
1865,14.707625,10.000000,1
1866,14.406605,10.000000,1
1867,14.623698,10.000000,1
1868,14.617272,10.000000,1
1869,14.383363,10.000000,1
1870,14.643217,10.000000,1
1871,14.509253,10.000000,1
1872,14.420882,10.000000,1
1873,14.536587,10.000000,1
1874,14.522531,10.000000,1
1875,14.516660,10.000000,1
1876,14.341104,10.000000,1
1877,14.523364,10.000000,1
1878,14.646642,10.000000,1
1879,14.650717,10.000000,1
1880,14.548791,10.000000,1
1881,15.029349,10.000000,1
1882,14.557235,10.000000,1
1883,14.775958,10.000000,1
1884,14.781163,10.000000,1
1885,14.566346,10.000000,1
1886,14.544161,10.000000,1
1887,14.631828,10.000000,1
1888,15.590370,10.000000,1
1889,14.830218,10.000000,1
1890,14.418660,10.000000,1
1891,15.272610,10.000000,1
1892,14.522605,10.000000,1
1893,15.265369,10.000000,1
1894,15.436591,10.000000,1
1895,14.439401,10.000000,1
1896,14.527735,10.000000,1
1897,14.356159,10.000000,1
1898,15.211386,10.000000,1
1899,15.912762,10.000000,1
1900,15.211276,10.000000,1
1901,14.870663,10.000000,1
1902,14.581642,10.000000,1
1903,15.082460,10.000000,1
1904,14.757848,10.000000,1
1905,14.321252,10.000000,1
1906,14.344419,10.000000,1
1907,15.719853,10.000000,1
1908,16.112670,10.000000,1
1909,14.401568,10.000000,1
1910,14.316437,10.000000,1
1911,14.687810,10.000000,1
1912,14.451031,10.000000,1
1913,14.623902,10.000000,1
1914,14.288678,10.000000,1
1915,14.694495,10.000000,1
1916,14.853144,10.000000,1
1917,14.330826,10.000000,1
1918,14.234066,10.000000,1
1919,14.466419,10.000000,1
1920,14.268233,10.000000,1
1921,14.537456,10.000000,1
1922,14.885885,10.000000,1
1923,14.563235,10.000000,1
1924,14.541976,10.000000,1
1925,14.659976,10.000000,1
1926,14.408826,10.000000,1
1927,14.023898,10.000000,1
1928,14.317400,10.000000,1
1929,14.374844,10.000000,1
1930,14.454994,10.000000,1
1931,14.500179,10.000000,1
1932,14.643069,10.000000,1
1933,14.381493,10.000000,1
1934,14.710180,10.000000,1
1935,14.771829,10.000000,1
1936,14.523568,10.000000,1
1937,14.694347,10.000000,1
1938,14.570401,10.000000,1
1939,14.050194,10.000000,1
1940,14.339345,10.000000,1
1941,14.826810,10.000000,1
1942,14.255474,10.000000,1
1943,14.424512,10.000000,1
1944,14.658680,10.000000,1
1945,14.391400,10.000000,1
1946,14.375048,10.000000,1
1947,14.345733,10.000000,1
1948,14.680606,10.000000,1
1949,14.498179,10.000000,1
1950,14.656254,10.000000,1
1951,14.970441,10.000000,1
1952,14.461456,10.000000,1
1953,14.561291,10.000000,1
1954,14.746588,10.000000,1
1955,14.625495,10.000000,1
1956,14.709161,10.000000,1
1957,14.604124,10.000000,1
1958,14.721180,10.000000,1
1959,15.207646,10.000000,1
1960,14.539438,10.000000,1
1961,15.853983,10.000000,1
1962,14.898348,10.000000,1
1963,15.017219,10.000000,1
1964,14.409530,10.000000,1
1965,14.564272,10.000000,1
1966,15.426925,10.000000,1
1967,15.354165,10.000000,1
1968,14.854589,10.000000,1
1969,15.228535,10.000000,1
1970,14.903885,10.000000,1
1971,14.258437,10.000000,1
1972,14.882274,10.000000,1
1973,14.653921,10.000000,1
1974,14.483623,10.000000,1
1975,15.486963,10.000000,1
1976,15.462981,10.000000,1
1977,14.322678,10.000000,1
1978,14.861940,10.000000,1
1979,14.622847,10.000000,1
1980,16.170763,10.000000,1
1981,14.690995,10.000000,1
1982,14.418678,10.000000,1
1983,14.733791,10.000000,1
1984,15.352980,10.000000,1
1985,14.385308,10.000000,1
1986,14.713476,10.000000,1
1987,14.711791,10.000000,1
1988,14.634254,10.000000,1
1989,15.663649,10.000000,1
1990,15.211313,10.000000,1
1991,14.370437,10.000000,1
1992,14.475420,10.000000,1
1993,14.805274,10.000000,1
1994,14.739680,10.000000,1
1995,14.426790,10.000000,1
1996,14.713791,10.000000,1
1997,14.803700,10.000000,1
1998,14.427327,10.000000,1
1999,14.105288,10.000000,1
2000,14.549957,10.000000,1
2001,14.611402,10.000000,1
2002,14.281641,10.000000,1
2003,14.982015,10.000000,1
2004,14.673495,10.000000,1
2005,14.221585,10.000000,1
2006,14.540531,10.000000,1
2007,14.298289,10.000000,1
2008,14.548346,10.000000,1
2009,14.717514,10.000000,1
2010,14.650476,10.000000,1
2011,14.285530,10.000000,1
2012,14.511308,10.000000,1
2013,14.786662,10.000000,1
2014,15.154738,10.000000,1
2015,14.300826,10.000000,1
2016,14.343622,10.000000,1
2017,14.519661,10.000000,1
2018,14.736532,10.000000,1
2019,14.342511,10.000000,1
2020,14.471290,10.000000,1
2021,14.880237,10.000000,1
2022,14.603828,10.000000,1
2023,14.319048,10.000000,1
2024,15.215961,10.000000,1
2025,14.370049,10.000000,1
2026,14.588864,10.000000,1
2027,14.858255,10.000000,1
2028,14.798273,10.000000,1
2029,15.832946,10.000000,1
2030,14.750162,10.000000,1
2031,14.700032,10.000000,1
2032,14.960644,10.000000,1
2033,15.667982,10.000000,1
2034,14.987200,10.000000,1
2035,15.941318,10.000000,1
2036,15.227998,10.000000,1
2037,14.492642,10.000000,1
2038,16.246856,10.000000,1
2039,14.649328,10.000000,1
2040,14.531308,10.000000,1
2041,14.677939,10.000000,1
2042,14.448938,10.000000,1
2043,16.277097,10.000000,1
2044,15.262128,10.000000,1
2045,14.551790,10.000000,1
2046,14.407085,10.000000,1
2047,14.685291,10.000000,1
2048,14.536438,10.000000,1
2049,14.832551,10.000000,1
2050,14.518475,10.000000,1
2051,14.794847,10.000000,1
2052,14.445327,10.000000,1
2053,14.137474,10.000000,1
2054,14.714921,10.000000,1
2055,14.373345,10.000000,1
2056,14.288752,10.000000,1
2057,14.269214,10.000000,1
2058,14.515920,10.000000,1
2059,14.578420,10.000000,1
2060,14.424363,10.000000,1
2061,14.422030,10.000000,1
2062,14.669235,10.000000,1
2063,14.771680,10.000000,1
2064,14.613383,10.000000,1
2065,14.348382,10.000000,1
2066,14.667939,10.000000,1
2067,14.567976,10.000000,1
2068,14.538569,10.000000,1
2069,14.476919,10.000000,1
2070,14.398641,10.000000,1
2071,14.611494,10.000000,1
2072,14.926775,10.000000,1
2073,14.714643,10.000000,1
2074,14.853922,10.000000,1
2075,14.496049,10.000000,1
2076,14.250158,10.000000,1
2077,14.543643,10.000000,1
2078,14.360604,10.000000,1
2079,14.890626,10.000000,1
2080,14.275085,10.000000,1
2081,14.224622,10.000000,1
2082,14.394141,10.000000,1
2083,14.627847,10.000000,1
2084,14.368660,10.000000,1
2085,14.712199,10.000000,1
2086,14.584957,10.000000,1
2087,14.654162,10.000000,1
2088,14.597087,10.000000,1
2089,14.670791,10.000000,1
2090,14.605772,10.000000,1
2091,14.330493,10.000000,1
2092,15.399999,10.000000,1
2093,14.370215,10.000000,1
2094,14.459845,10.000000,1
2095,15.160831,10.000000,1
2096,14.495104,10.000000,1
2097,15.740853,10.000000,1
2098,14.973478,10.000000,1
2099,15.139479,10.000000,1
2100,14.418864,10.000000,1
2101,14.301956,10.000000,1
2102,15.698464,10.000000,1
2103,15.469259,10.000000,1
2104,15.519945,10.000000,1
2105,14.827774,10.000000,1
2106,14.959792,10.000000,1
2107,14.500605,10.000000,1
2108,14.426826,10.000000,1
2109,14.665828,10.000000,1
2110,14.485142,10.000000,1
2111,15.847058,10.000000,1
2112,15.360740,10.000000,1
2113,14.576643,10.000000,1
2114,14.819959,10.000000,1
2115,14.436679,10.000000,1
2116,14.692791,10.000000,1
2117,14.455123,10.000000,1
2118,14.650439,10.000000,1
2119,14.588402,10.000000,1
2120,14.427049,10.000000,1
2121,14.558050,10.000000,1
2122,14.487697,10.000000,1
2123,14.726236,10.000000,1
2124,14.326123,10.000000,1
2125,14.458845,10.000000,1
2126,14.577606,10.000000,1
2127,14.671199,10.000000,1
2128,14.344382,10.000000,1
2129,14.569161,10.000000,1
2130,14.400660,10.000000,1
2131,14.564680,10.000000,1
2132,14.596253,10.000000,1
2133,14.757958,10.000000,1
2134,14.561995,10.000000,1
2135,14.259307,10.000000,1
2136,14.676810,10.000000,1
2137,14.617828,10.000000,1
2138,14.386622,10.000000,1
2139,14.518457,10.000000,1
2140,14.199177,10.000000,1
2141,14.504864,10.000000,1
2142,14.202733,10.000000,1
2143,14.591143,10.000000,1
2144,14.961552,10.000000,1
2145,14.784070,10.000000,1
2146,14.709032,10.000000,1
2147,14.561512,10.000000,1
2148,14.654643,10.000000,1
2149,14.932552,10.000000,1
2150,14.601513,10.000000,1
2151,14.264270,10.000000,1
2152,14.407919,10.000000,1
2153,14.545883,10.000000,1
2154,14.414585,10.000000,1
2155,14.718587,10.000000,1
2156,14.403419,10.000000,1
2157,14.316789,10.000000,1
2158,14.544864,10.000000,1
2159,14.339122,10.000000,1
2160,15.356036,10.000000,1
2161,14.198696,10.000000,1
2162,14.335512,10.000000,1
2163,14.586790,10.000000,1
2164,14.701421,10.000000,1
2165,15.592111,10.000000,1
2166,14.769996,10.000000,1
2167,15.273683,10.000000,1
2168,14.518216,10.000000,1
2169,14.647106,10.000000,1
2170,14.862237,10.000000,1
2171,14.628531,10.000000,1
2172,16.116763,10.000000,1
2173,14.932533,10.000000,1
2174,15.170127,10.000000,1
2175,14.597068,10.000000,1
2176,14.459030,10.000000,1
2177,14.282066,10.000000,1
2178,14.443178,10.000000,1
2179,15.502704,10.000000,1
2180,14.847514,10.000000,1
2181,14.738661,10.000000,1
2182,14.809310,10.000000,1
2183,14.751681,10.000000,1
2184,14.464457,10.000000,1
2185,14.607031,10.000000,1
2186,14.603495,10.000000,1
2187,14.734995,10.000000,1
2188,14.373363,10.000000,1
2189,14.688050,10.000000,1
2190,14.553420,10.000000,1
2191,14.454290,10.000000,1
2192,14.832236,10.000000,1
2193,14.268641,10.000000,1
2194,14.783588,10.000000,1
2195,14.232900,10.000000,1
2196,14.461179,10.000000,1
2197,14.574883,10.000000,1
2198,14.316733,10.000000,1
2199,14.723680,10.000000,1
2200,14.753680,10.000000,1
2201,14.313344,10.000000,1
2202,14.361437,10.000000,1
2203,14.736902,10.000000,1
2204,14.380715,10.000000,1
2205,14.586142,10.000000,1
2206,14.424141,10.000000,1
2207,14.345307,10.000000,1
2208,14.417864,10.000000,1
2209,14.410456,10.000000,1
2210,14.819310,10.000000,1
2211,14.462957,10.000000,1
2212,14.433179,10.000000,1
2213,14.531438,10.000000,1
2214,14.337956,10.000000,1
2215,14.669328,10.000000,1
2216,14.680920,10.000000,1
2217,14.729365,10.000000,1
2218,14.973978,10.000000,1
2219,14.592087,10.000000,1
2220,14.544031,10.000000,1
2221,14.649050,10.000000,1
2222,14.614421,10.000000,1
2223,14.209177,10.000000,1
2224,14.714217,10.000000,1
2225,14.193843,10.000000,1
2226,14.354659,10.000000,1
2227,14.553883,10.000000,1
2228,14.301752,10.000000,1
2229,15.368629,10.000000,1
2230,14.390271,10.000000,1
2231,15.187720,10.000000,1
2232,14.528216,10.000000,1
2233,14.547643,10.000000,1
2234,15.959558,10.000000,1
2235,15.873576,10.000000,1
2236,14.354808,10.000000,1
2237,14.665236,10.000000,1
2238,14.710014,10.000000,1
2239,15.180146,10.000000,1
2240,15.469518,10.000000,1
2241,15.301851,10.000000,1
2242,15.003997,10.000000,1
2243,14.839088,10.000000,1
2244,14.585846,10.000000,1
2245,14.457697,10.000000,1
2246,14.572198,10.000000,1
2247,15.925614,10.000000,1
2248,14.805477,10.000000,1
2249,14.812014,10.000000,1
2250,14.762569,10.000000,1
2251,14.648957,10.000000,1
2252,14.827699,10.000000,1
2253,15.062997,10.000000,1
2254,14.922996,10.000000,1
2255,14.495790,10.000000,1
2256,14.558808,10.000000,1
2257,14.357197,10.000000,1
2258,14.644679,10.000000,1
2259,14.503457,10.000000,1
2260,14.580698,10.000000,1
2261,14.617494,10.000000,1
2262,14.554401,10.000000,1
2263,14.773274,10.000000,1
2264,14.888441,10.000000,1
2265,14.623976,10.000000,1
2266,14.434234,10.000000,1
2267,14.669347,10.000000,1
2268,14.565939,10.000000,1
2269,14.388827,10.000000,1
2270,14.408290,10.000000,1
2271,14.339011,10.000000,1
2272,14.906533,10.000000,1
2273,14.576772,10.000000,1
2274,14.445568,10.000000,1
2275,14.688217,10.000000,1
2276,14.440327,10.000000,1
2277,14.300085,10.000000,1
2278,14.688088,10.000000,1
2279,14.497493,10.000000,1
2280,14.470179,10.000000,1
2281,14.359271,10.000000,1
2282,14.642161,10.000000,1
2283,14.601236,10.000000,1
2284,14.390419,10.000000,1
2285,14.358641,10.000000,1
2286,14.470827,10.000000,1
2287,14.846459,10.000000,1
2288,14.542457,10.000000,1
2289,14.767903,10.000000,1
2290,14.797810,10.000000,1
2291,14.346308,10.000000,1
2292,14.728680,10.000000,1
2293,14.645847,10.000000,1
2294,14.550586,10.000000,1
2295,14.515290,10.000000,1
2296,14.694588,10.000000,1
2297,15.167627,10.000000,1
2298,14.528327,10.000000,1
2299,15.126868,10.000000,1
2300,14.648328,10.000000,1
2301,14.804570,10.000000,1
2302,15.830224,10.000000,1
2303,14.937533,10.000000,1
2304,14.664773,10.000000,1
2305,14.497901,10.000000,1
2306,14.768681,10.000000,1
2307,15.140405,10.000000,1
2308,15.752075,10.000000,1
2309,15.678482,10.000000,1
2310,14.818180,10.000000,1
2311,14.443123,10.000000,1
2312,14.497308,10.000000,1
2313,14.782199,10.000000,1
2314,14.472290,10.000000,1
2315,15.562445,10.000000,1
2316,15.179498,10.000000,1
2317,14.736533,10.000000,1
2318,14.510160,10.000000,1
2319,14.600476,10.000000,1
2320,14.356771,10.000000,1
2321,14.668383,10.000000,1
2322,14.621420,10.000000,1
2323,14.666106,10.000000,1
2324,14.427642,10.000000,1
2325,14.821903,10.000000,1
2326,14.302178,10.000000,1
2327,14.477586,10.000000,1
2328,14.312696,10.000000,1
2329,14.371585,10.000000,1
2330,14.373993,10.000000,1
2331,14.617087,10.000000,1
2332,14.375252,10.000000,1
2333,14.580328,10.000000,1
2334,14.568827,10.000000,1
2335,14.812959,10.000000,1
2336,14.559198,10.000000,1
2337,14.513160,10.000000,1
2338,14.723829,10.000000,1
2339,14.650902,10.000000,1
2340,14.562438,10.000000,1
2341,14.667828,10.000000,1
2342,14.692477,10.000000,1
2343,14.273048,10.000000,1
2344,14.616495,10.000000,1
2345,14.708661,10.000000,1
2346,14.511753,10.000000,1
2347,14.383993,10.000000,1
2348,14.665920,10.000000,1
2349,14.534235,10.000000,1
2350,14.783310,10.000000,1
2351,14.355382,10.000000,1
2352,14.373919,10.000000,1
2353,14.404327,10.000000,1
2354,14.951219,10.000000,1
2355,14.815959,10.000000,1
2356,14.255270,10.000000,1
2357,14.523253,10.000000,1
2358,14.519123,10.000000,1
2359,14.736884,10.000000,1
2360,14.806459,10.000000,1
2361,14.781847,10.000000,1
2362,14.967922,10.000000,1
2363,14.663568,10.000000,1
2364,14.604068,10.000000,1
2365,15.432073,10.000000,1
2366,14.560957,10.000000,1
2367,14.793125,10.000000,1
2368,14.724069,10.000000,1
2369,14.354382,10.000000,1
2370,15.754576,10.000000,1
2371,15.909669,10.000000,1
2372,14.336400,10.000000,1
2373,14.830348,10.000000,1
2374,15.054090,10.000000,1
2375,15.129405,10.000000,1
2376,15.281684,10.000000,1
2377,15.031330,10.000000,1
2378,14.725384,10.000000,1
2379,14.386975,10.000000,1
2380,14.524976,10.000000,1
2381,16.189078,10.000000,1
2382,14.265881,10.000000,1
2383,15.375795,10.000000,1
2384,14.948645,10.000000,1
2385,15.553037,10.000000,1
2386,14.486975,10.000000,1
2387,14.613402,10.000000,1
2388,14.654921,10.000000,1
2389,15.933669,10.000000,1
2390,14.776921,10.000000,1
2391,14.669180,10.000000,1
2392,14.693680,10.000000,1
2393,14.635883,10.000000,1
2394,14.300048,10.000000,1
2395,14.458363,10.000000,1
2396,14.374882,10.000000,1
2397,14.689162,10.000000,1
2398,14.539605,10.000000,1
2399,14.793959,10.000000,1
2400,14.687624,10.000000,1
2401,14.924922,10.000000,1
2402,14.335493,10.000000,1
2403,14.689772,10.000000,1
2404,14.697513,10.000000,1
2405,14.643828,10.000000,1
2406,14.556365,10.000000,1
2407,14.569198,10.000000,1
2408,14.573254,10.000000,1
2409,15.003423,10.000000,1
2410,14.522438,10.000000,1
2411,14.583512,10.000000,1
2412,14.577920,10.000000,1
2413,14.629884,10.000000,1
2414,14.388345,10.000000,1
2415,14.700828,10.000000,1
2416,14.443530,10.000000,1
2417,14.578642,10.000000,1
2418,14.361160,10.000000,1
2419,14.517068,10.000000,1
2420,14.292270,10.000000,1
2421,14.559031,10.000000,1
2422,14.464345,10.000000,1
2423,14.471938,10.000000,1
2424,14.589772,10.000000,1
2425,14.580327,10.000000,1
2426,14.740699,10.000000,1
2427,14.535938,10.000000,1
2428,14.382530,10.000000,1
2429,14.288474,10.000000,1
2430,14.373086,10.000000,1
2431,14.450753,10.000000,1
2432,14.615310,10.000000,1
2433,15.120793,10.000000,1
2434,14.577012,10.000000,1
2435,14.786921,10.000000,1
2436,14.810070,10.000000,1
2437,14.212918,10.000000,1
2438,15.253758,10.000000,1
2439,15.666908,10.000000,1
2440,14.486401,10.000000,1
2441,14.353289,10.000000,1
2442,14.865441,10.000000,1
2443,15.352258,10.000000,1
2444,15.124608,10.000000,1
2445,15.129664,10.000000,1
2446,15.113479,10.000000,1
2447,14.522216,10.000000,1
2448,14.545234,10.000000,1
2449,14.458105,10.000000,1
2450,14.561105,10.000000,1
2451,15.380592,10.000000,1
2452,15.203054,10.000000,1
2453,15.067571,10.000000,1
2454,14.500419,10.000000,1
2455,14.811181,10.000000,1
2456,14.606161,10.000000,1
2457,14.659143,10.000000,1
2458,14.444198,10.000000,1
2459,14.664958,10.000000,1
2460,14.316474,10.000000,1
2461,14.323641,10.000000,1
2462,14.549439,10.000000,1
2463,14.588217,10.000000,1
2464,14.919070,10.000000,1
2465,14.443197,10.000000,1
2466,14.582309,10.000000,1
2467,14.686421,10.000000,1
2468,14.643476,10.000000,1
2469,14.621069,10.000000,1
2470,14.698698,10.000000,1
2471,14.419753,10.000000,1
2472,14.317714,10.000000,1
2473,14.630217,10.000000,1
2474,14.868478,10.000000,1
2475,14.455660,10.000000,1
2476,14.704051,10.000000,1
2477,14.451049,10.000000,1
2478,14.820644,10.000000,1
2479,14.295937,10.000000,1
2480,14.460994,10.000000,1
2481,14.623587,10.000000,1
2482,14.715050,10.000000,1
2483,14.455568,10.000000,1
2484,14.366085,10.000000,1
2485,14.710588,10.000000,1
2486,14.432142,10.000000,1
2487,14.043158,10.000000,1
2488,14.461049,10.000000,1
2489,14.298641,10.000000,1
2490,14.242085,10.000000,1
2491,14.490586,10.000000,1
2492,14.682809,10.000000,1
2493,14.623143,10.000000,1
2494,14.466883,10.000000,1
2495,14.898755,10.000000,1
2496,14.501438,10.000000,1
2497,14.299234,10.000000,1
2498,14.792458,10.000000,1
2499,14.321345,10.000000,1
2500,14.870330,10.000000,1
2501,15.480463,10.000000,1
2502,14.325974,10.000000,1
2503,14.484012,10.000000,1
2504,15.327499,10.000000,1
2505,14.457623,10.000000,1
2506,15.393203,10.000000,1
2507,15.767223,10.000000,1
2508,14.847144,10.000000,1
2509,14.319493,10.000000,1
2510,14.801403,10.000000,1
2511,15.192479,10.000000,1
2512,15.374202,10.000000,1
2513,19.471005,10.000000,1
2514,16.246023,10.000000,1
2515,14.503012,10.000000,1
2516,14.782291,10.000000,1
2517,14.816440,10.000000,1
2518,14.606754,10.000000,1
2519,15.901984,10.000000,1
2520,15.255794,10.000000,1
2521,14.794403,10.000000,1
2522,14.472549,10.000000,1
2523,14.835422,10.000000,1
2524,14.517790,10.000000,1
2525,14.318641,10.000000,1
2526,14.709735,10.000000,1
2527,14.496864,10.000000,1
2528,14.927274,10.000000,1
2529,14.632662,10.000000,1
2530,14.683069,10.000000,1
2531,14.532160,10.000000,1
2532,14.566939,10.000000,1
2533,14.758810,10.000000,1
2534,14.622180,10.000000,1
2535,14.611865,10.000000,1
2536,14.382363,10.000000,1
2537,14.507549,10.000000,1
2538,14.487309,10.000000,1
2539,14.460456,10.000000,1
2540,14.786328,10.000000,1
2541,14.600532,10.000000,1
2542,14.624772,10.000000,1
2543,14.691365,10.000000,1
2544,14.572957,10.000000,1
2545,14.757458,10.000000,1
2546,14.501883,10.000000,1
2547,14.403289,10.000000,1
2548,14.366734,10.000000,1
2549,14.758810,10.000000,1
2550,14.743717,10.000000,1
2551,14.529790,10.000000,1
2552,14.200881,10.000000,1
2553,14.545235,10.000000,1
2554,14.614383,10.000000,1
2555,14.696588,10.000000,1
2556,14.679217,10.000000,1
2557,14.554531,10.000000,1
2558,14.617568,10.000000,1
2559,14.613383,10.000000,1
2560,14.525364,10.000000,1
2561,14.867903,10.000000,1
2562,14.776273,10.000000,1
2563,14.757384,10.000000,1
2564,14.820144,10.000000,1
2565,14.328955,10.000000,1
2566,14.607865,10.000000,1
2567,14.372012,10.000000,1
2568,15.178979,10.000000,1
2569,14.638624,10.000000,1
2570,14.716754,10.000000,1
2571,15.049015,10.000000,1
2572,14.614791,10.000000,1
2573,14.698958,10.000000,1
2574,15.427406,10.000000,1
2575,15.405925,10.000000,1
2576,14.571143,10.000000,1
2577,14.456475,10.000000,1
2578,14.490179,10.000000,1
2579,14.633958,10.000000,1
2580,15.882039,10.000000,1
2581,15.272221,10.000000,1
2582,14.999775,10.000000,1
2583,14.797532,10.000000,1
2584,14.665680,10.000000,1
2585,14.594420,10.000000,1
2586,14.533550,10.000000,1
2587,15.399407,10.000000,1
2588,14.373734,10.000000,1
2589,15.200090,10.000000,1
2590,14.901867,10.000000,1
2591,14.710662,10.000000,1
2592,14.713513,10.000000,1
2593,14.620716,10.000000,1
2594,14.525068,10.000000,1
2595,14.651699,10.000000,1
2596,14.519531,10.000000,1
2597,14.652532,10.000000,1
2598,14.969774,10.000000,1
2599,14.672921,10.000000,1
2600,14.721125,10.000000,1
2601,14.786477,10.000000,1
2602,14.812959,10.000000,1
2603,14.937497,10.000000,1
2604,14.517882,10.000000,1
2605,14.713328,10.000000,1
2606,14.479105,10.000000,1
2607,14.703662,10.000000,1
2608,14.378882,10.000000,1
2609,14.636068,10.000000,1
2610,14.413716,10.000000,1
2611,14.318066,10.000000,1
2612,14.777033,10.000000,1
2613,14.087066,10.000000,1
2614,14.686309,10.000000,1
2615,14.532642,10.000000,1
2616,14.545828,10.000000,1
2617,14.426882,10.000000,1
2618,14.537735,10.000000,1
2619,14.527735,10.000000,1
2620,14.694810,10.000000,1
2621,14.283733,10.000000,1
2622,14.973552,10.000000,1
2623,14.682180,10.000000,1
2624,14.491975,10.000000,1
2625,14.739180,10.000000,1
2626,14.776217,10.000000,1
2627,14.213251,10.000000,1
2628,14.349438,10.000000,1
2629,14.453271,10.000000,1
2630,14.664458,10.000000,1
2631,14.856274,10.000000,1
2632,14.662309,10.000000,1
2633,14.562679,10.000000,1
2634,14.680199,10.000000,1
2635,14.606383,10.000000,1
2636,14.901496,10.000000,1
2637,14.924922,10.000000,1
2638,14.568624,10.000000,1
2639,14.346900,10.000000,1
2640,14.932589,10.000000,1
2641,14.647199,10.000000,1
2642,16.402228,10.000000,1
2643,15.476499,10.000000,1
2644,14.713810,10.000000,1
2645,14.981848,10.000000,1
2646,15.282072,10.000000,1
2647,14.423957,10.000000,1
2648,15.358259,10.000000,1
2649,14.910626,10.000000,1
2650,15.335313,10.000000,1
2651,14.568976,10.000000,1
2652,14.328937,10.000000,1
2653,14.397401,10.000000,1
2654,14.325104,10.000000,1
2655,15.123238,10.000000,1
2656,14.609105,10.000000,1
2657,14.351104,10.000000,1
2658,14.528327,10.000000,1
2659,15.243795,10.000000,1
2660,14.368993,10.000000,1
2661,14.871440,10.000000,1
2662,14.484161,10.000000,1
2663,14.361178,10.000000,1
2664,14.485882,10.000000,1
2665,14.303233,10.000000,1
2666,14.274011,10.000000,1
2667,14.692032,10.000000,1
2668,14.552291,10.000000,1
2669,14.585365,10.000000,1
2670,14.353437,10.000000,1
2671,14.922367,10.000000,1
2672,14.663569,10.000000,1
2673,14.458697,10.000000,1
2674,14.557513,10.000000,1
2675,14.524068,10.000000,1
2676,14.776791,10.000000,1
2677,14.539216,10.000000,1
2678,14.640847,10.000000,1
2679,14.605920,10.000000,1
2680,14.847163,10.000000,1
2681,14.827107,10.000000,1
2682,14.610069,10.000000,1
2683,14.495993,10.000000,1
2684,14.440308,10.000000,1
2685,14.807144,10.000000,1
2686,15.004923,10.000000,1
2687,14.279733,10.000000,1
2688,14.682736,10.000000,1
2689,14.547939,10.000000,1
2690,14.556550,10.000000,1
2691,14.805885,10.000000,1
2692,14.261363,10.000000,1
2693,14.832700,10.000000,1
2694,14.637143,10.000000,1
2695,14.812662,10.000000,1
2696,14.629661,10.000000,1
2697,14.450771,10.000000,1
2698,14.544068,10.000000,1
2699,14.438141,10.000000,1
2700,14.581439,10.000000,1
2701,17.095102,10.000000,1
2702,14.781495,10.000000,1
2703,14.451031,10.000000,1
2704,14.934515,10.000000,1
2705,14.695088,10.000000,1
2706,14.611550,10.000000,1
2707,14.461771,10.000000,1
2708,14.886737,10.000000,1
2709,14.454215,10.000000,1
2710,15.604370,10.000000,1
2711,15.547870,10.000000,1
2712,14.629531,10.000000,1
2713,14.789477,10.000000,1
2714,15.184664,10.000000,1
2715,14.781255,10.000000,1
2716,15.707130,10.000000,1
2717,15.532537,10.000000,1
2718,14.750439,10.000000,1
2719,14.380493,10.000000,1
2720,14.631494,10.000000,1
2721,14.442660,10.000000,1
2722,14.510327,10.000000,1
2723,17.883366,10.000000,1
2724,14.917366,10.000000,1
2725,14.467994,10.000000,1
2726,14.741866,10.000000,1
2727,15.140313,10.000000,1
2728,14.604883,10.000000,1
2729,14.633495,10.000000,1
2730,14.658754,10.000000,1
2731,14.537049,10.000000,1
2732,15.550686,10.000000,1
2733,14.857532,10.000000,1
2734,14.637736,10.000000,1
2735,14.385475,10.000000,1
2736,14.518271,10.000000,1
2737,14.658551,10.000000,1
2738,14.405975,10.000000,1
2739,14.645551,10.000000,1
2740,14.749255,10.000000,1
2741,14.271936,10.000000,1
2742,14.355567,10.000000,1
2743,14.537716,10.000000,1
2744,14.725161,10.000000,1
2745,14.462345,10.000000,1
2746,14.638513,10.000000,1
2747,14.661031,10.000000,1
2748,14.459494,10.000000,1
2749,14.738810,10.000000,1
2750,14.620087,10.000000,1
2751,14.772958,10.000000,1
2752,14.575439,10.000000,1
2753,14.843662,10.000000,1
2754,14.613995,10.000000,1
2755,14.676143,10.000000,1
2756,14.509124,10.000000,1
2757,14.386604,10.000000,1
2758,14.604587,10.000000,1
2759,14.267770,10.000000,1
2760,14.582050,10.000000,1
2761,14.630810,10.000000,1
2762,14.642476,10.000000,1
2763,14.630513,10.000000,1
2764,14.406567,10.000000,1
2765,14.508939,10.000000,1
2766,14.382086,10.000000,1
2767,14.394012,10.000000,1
2768,14.299567,10.000000,1
2769,14.339918,10.000000,1
2770,14.493753,10.000000,1
2771,14.562513,10.000000,1
2772,15.193980,10.000000,1
2773,14.878978,10.000000,1
2774,14.339493,10.000000,1
2775,15.153035,10.000000,1
2776,14.636569,10.000000,1
2777,14.441623,10.000000,1
2778,15.803927,10.000000,1
2779,15.777817,10.000000,1
2780,14.535143,10.000000,1
2781,14.672828,10.000000,1
2782,15.280184,10.000000,1
2783,14.194122,10.000000,1
2784,15.559500,10.000000,1
2785,15.223795,10.000000,1
2786,15.130183,10.000000,1
2787,14.352715,10.000000,1
2788,14.981608,10.000000,1
2789,14.432031,10.000000,1
2790,14.635550,10.000000,1
2791,15.583889,10.000000,1
2792,15.683927,10.000000,1
2793,14.611401,10.000000,1
2794,14.564365,10.000000,1
2795,14.726310,10.000000,1
2796,14.748273,10.000000,1
2797,14.549012,10.000000,1
2798,14.465438,10.000000,1
2799,14.337419,10.000000,1
2800,14.859941,10.000000,1
2801,14.383105,10.000000,1
2802,14.134307,10.000000,1
2803,14.575864,10.000000,1
2804,14.561365,10.000000,1
2805,14.489623,10.000000,1
2806,14.434623,10.000000,1
2807,14.416475,10.000000,1
2808,14.640865,10.000000,1
2809,14.989812,10.000000,1
2810,14.578032,10.000000,1
2811,14.326734,10.000000,1
2812,14.808680,10.000000,1
2813,14.311992,10.000000,1
2814,14.458086,10.000000,1
2815,14.476253,10.000000,1
2816,14.722995,10.000000,1
2817,14.829958,10.000000,1
2818,14.586254,10.000000,1
2819,14.277492,10.000000,1
2820,14.382882,10.000000,1
2821,14.331029,10.000000,1
2822,14.902700,10.000000,1
2823,14.753421,10.000000,1
2824,14.887533,10.000000,1
2825,14.319344,10.000000,1
2826,14.669106,10.000000,1
2827,14.684680,10.000000,1
2828,14.559901,10.000000,1
2829,14.979589,10.000000,1
2830,14.052047,10.000000,1
2831,14.618365,10.000000,1
2832,14.792532,10.000000,1
2833,14.758014,10.000000,1
2834,14.541531,10.000000,1
2835,14.418864,10.000000,1
2836,14.392642,10.000000,1
2837,14.578587,10.000000,1
2838,14.544605,10.000000,1
2839,14.845089,10.000000,1
2840,14.645809,10.000000,1
2841,14.767865,10.000000,1
2842,14.669087,10.000000,1
2843,14.343418,10.000000,1
2844,14.872515,10.000000,1
2845,14.288733,10.000000,1
2846,15.546630,10.000000,1
2847,15.081256,10.000000,1
2848,14.471308,10.000000,1
2849,14.532957,10.000000,1
2850,14.244362,10.000000,1
2851,14.991015,10.000000,1
2852,16.029040,10.000000,1
2853,15.277943,10.000000,1
2854,14.868478,10.000000,1
2855,14.499345,10.000000,1
2856,14.490845,10.000000,1
2857,14.633384,10.000000,1
2858,14.199992,10.000000,1
2859,15.682019,10.000000,1
2860,14.512087,10.000000,1
2861,15.403129,10.000000,1
2862,14.443827,10.000000,1
2863,14.483031,10.000000,1
2864,14.228566,10.000000,1
2865,14.657643,10.000000,1
2866,14.931089,10.000000,1
2867,14.362493,10.000000,1
2868,14.804015,10.000000,1
2869,14.685125,10.000000,1
2870,14.506993,10.000000,1
2871,14.420123,10.000000,1
2872,14.626605,10.000000,1
2873,14.518272,10.000000,1
2874,14.578124,10.000000,1
2875,14.763866,10.000000,1
2876,14.699254,10.000000,1
2877,14.712884,10.000000,1
2878,14.269103,10.000000,1
2879,14.418104,10.000000,1
2880,14.344771,10.000000,1
2881,14.514086,10.000000,1
2882,14.536716,10.000000,1
2883,14.384585,10.000000,1
2884,14.796069,10.000000,1
2885,14.610643,10.000000,1
2886,14.588420,10.000000,1
2887,14.348864,10.000000,1
2888,14.462104,10.000000,1
2889,14.667069,10.000000,1
2890,14.716828,10.000000,1
2891,14.700513,10.000000,1
2892,14.776884,10.000000,1
2893,14.532864,10.000000,1
2894,14.403123,10.000000,1
2895,14.404400,10.000000,1
2896,14.322456,10.000000,1
2897,14.426456,10.000000,1
2898,14.259010,10.000000,1
2899,14.684236,10.000000,1
2900,14.865181,10.000000,1
2901,14.440604,10.000000,1
2902,14.589624,10.000000,1
2903,14.750607,10.000000,1
2904,14.569401,10.000000,1
2905,14.578939,10.000000,1
2906,14.706458,10.000000,1
2907,14.515068,10.000000,1
2908,14.659828,10.000000,1
2909,15.249258,10.000000,1
2910,14.451882,10.000000,1
2911,14.333623,10.000000,1
2912,15.200275,10.000000,1
2913,14.338326,10.000000,1
2914,15.702057,10.000000,1
2915,14.894940,10.000000,1
2916,14.904996,10.000000,1
2917,14.640272,10.000000,1
2918,14.323548,10.000000,1
2919,15.406296,10.000000,1
2920,14.543901,10.000000,1
2921,15.845984,10.000000,1
2922,15.288128,10.000000,1
2923,14.522476,10.000000,1
2924,14.676161,10.000000,1
2925,14.547809,10.000000,1
2926,14.137844,10.000000,1
2927,15.680946,10.000000,1
2928,14.939163,10.000000,1
2929,14.600957,10.000000,1
2930,14.536827,10.000000,1
2931,14.626365,10.000000,1
2932,14.220363,10.000000,1
2933,14.865292,10.000000,1
2934,14.554346,10.000000,1
2935,14.392920,10.000000,1
2936,14.650143,10.000000,1
2937,14.307604,10.000000,1
2938,14.372400,10.000000,1
2939,14.555438,10.000000,1
2940,14.702717,10.000000,1
2941,14.397975,10.000000,1
2942,14.295548,10.000000,1
2943,14.573105,10.000000,1
2944,14.543383,10.000000,1
2945,14.772717,10.000000,1
2946,14.490178,10.000000,1
2947,14.321659,10.000000,1
2948,14.594235,10.000000,1
2949,14.823311,10.000000,1
2950,14.890922,10.000000,1
2951,14.705366,10.000000,1
2952,14.822366,10.000000,1
2953,14.711588,10.000000,1
2954,14.587587,10.000000,1
2955,14.482197,10.000000,1
2956,14.731754,10.000000,1
2957,14.686514,10.000000,1
2958,14.908218,10.000000,1
2959,14.474994,10.000000,1
2960,14.559754,10.000000,1
2961,14.843440,10.000000,1
2962,14.477846,10.000000,1
2963,14.427882,10.000000,1
2964,14.548865,10.000000,1
2965,14.482216,10.000000,1
2966,14.635161,10.000000,1
2967,14.558587,10.000000,1
2968,14.507401,10.000000,1
2969,14.552772,10.000000,1
2970,14.832680,10.000000,1
2971,14.869552,10.000000,1
2972,14.336011,10.000000,1
2973,14.559901,10.000000,1
2974,14.351752,10.000000,1
2975,14.911978,10.000000,1
2976,14.627828,10.000000,1
2977,14.683791,10.000000,1
2978,14.778458,10.000000,1
2979,14.579235,10.000000,1
2980,14.497457,10.000000,1
2981,14.679643,10.000000,1
2982,15.680205,10.000000,1
2983,15.257239,10.000000,1
2984,14.645420,10.000000,1
2985,14.388011,10.000000,1
2986,14.481179,10.000000,1
2987,15.072516,10.000000,1
2988,14.830458,10.000000,1
2989,18.746593,10.000000,1
2990,15.908336,10.000000,1
2991,14.624032,10.000000,1
2992,14.771107,10.000000,1
2993,14.475345,10.000000,1
2994,14.488809,10.000000,1
2995,15.763131,10.000000,1
2996,14.785162,10.000000,1
2997,14.738236,10.000000,1
2998,14.522475,10.000000,1
2999,14.660995,10.000000,1
